Comment,Parameter,Device name regex,Interface name regex,Device tags,Device locations,Value
# Each row in this CSV represents a policy condition rule. The first matching row is applied to each device.
# The 'Comment' column contains comments such as this one and a description of each parameter. The content in this column is ignored; it does not affect the policy.
# The 'Parameter' column must be equal to one of the fields on the NQE StigPolicy data type.
# The 'Device name regex' column may contain any valid regular expression such as 'dev.*' or blank.
# The 'Interface name regex' column may contain any valid regular expression such as 'eth0.*' or blank.
# The 'Device tags' column may contain a square-bracketed list of comma-separated strings in quotes or blank.
# The 'Device locations' column may contain a square-bracketed list of comma-separated strings in quotes or blank.
# The 'Value' column must contain a JSON value to be used for the parameter value.
#####################
# Device parameters #
#####################
# The list of services that are allowed to run on the device.
##### STIGs,Juniper Router RTR
##### Vulnerabilities,V-217017
,device.allowedServices,,,,,[]
# The list of allowed Certification Authority (CA) enrollment URLs.
##### STIGs,Cisco ASA NDM Cisco IOS Router NDM Cisco IOS XE Router NDM Cisco NX OS Switch NDM
##### Vulnerabilities,V-215711 V-215856 V-220515 V-239942
,device.allowedCertificationAuthorityEnrollmentUrls,,,,,[]
# The list of subnets in CIDR notation used for management access.
##### STIGs,Cisco IOS Switch L2S Cisco IOS XE Switch L2S Cisco NX OS Switch L2S
##### Vulnerabilities,V-220644 V-220670 V-220693
,device.managementSubnets,,,,,[]
# Whether the device is a provider edge device.
##### STIGs,Cisco IOS Router RTR Cisco IOS Switch RTR Cisco IOS XE Router RTR Cisco IOS XE Switch RTR Cisco IOS XR Router RTR Cisco NX OS Switch RTR
##### Vulnerabilities,V-216565 V-216603 V-216611 V-216615 V-216617 V-216619 V-216621 V-216655 V-216693 V-216701 V-216705 V-216706 V-216708 V-216712 V-216714 V-216716 V-216746 V-216791 V-216794 V-216798 V-216802 V-216804 V-216806 V-216993 V-217001 V-217009 V-220433 V-220456 V-220458 V-220460 V-220473 V-221000 V-221029 V-221037 V-221041 V-221042 V-221044 V-221048 V-221049 V-221050 V-221052 V-221117 V-221123 V-221127 V-221128 V-221129 V-221131
,device.isProviderEdge,,,,,false
########################
# Interface parameters #
########################
# Whether the interface requires the default VLAN.
##### STIGs,Cisco IOS Switch L2S Cisco IOS XE Switch L2S
##### Vulnerabilities,V-220643 V-220669
,interface.requiresDefaultVlan,,,,,false
# Whether the interface requires multicast routing.
##### STIGs,Cisco IOS Router RTR Cisco IOS Switch RTR Cisco IOS XE Router RTR Cisco IOS XE Switch RTR Cisco IOS XR Router RTR Cisco NX OS Switch RTR
##### Vulnerabilities,V-216622 V-216717 V-216807 V-220461 V-221053 V-221132
,interface.requiresMulticast,,,,,false
# Whether the interface connects to the interface of a device that is in another network (a network in a different administrative domain).
##### STIGs,Cisco IOS Router RTR Cisco IOS Switch RTR Cisco IOS XE Router RTR Cisco IOS XE Switch RTR Cisco IOS XR Router RTR Cisco NX OS Switch RTR
##### Vulnerabilities,V-216565 V-216566 V-216567 V-216572 V-216573 V-216581 V-216582 V-216584 V-216585 V-216586 V-216655 V-216656 V-216657 V-216662 V-216663 V-216671 V-216672 V-216674 V-216675 V-216676 V-216746 V-216747 V-216748 V-216752 V-216753 V-216761 V-216762 V-216764 V-216990 V-216998 V-217006 V-220433 V-220434 V-220435 V-220440 V-220441 V-220446 V-220447 V-220449 V-220450 V-220451 V-220472 V-220998 V-221000 V-221001 V-221002 V-221007 V-221008 V-221013 V-221014 V-221015 V-221016 V-221017 V-221018 V-221082 V-221084 V-221085 V-221087 V-221088 V-221093 V-221094 V-221095 V-221096 V-221097 V-221098 V-230044 V-230045 V-230046 V-230047 V-230048 V-230049 V-230050 V-230051 V-230052 V-230145 V-230146 V-230147 V-230149 V-230150 V-230151 V-230152 V-230153 V-230154 V-230155 V-230156 V-230157 V-230158 V-230159 V-230160 V-237758 V-237759 V-237760 V-237761 V-237762 V-237763 V-237764 V-237765 V-237766 V-237771 V-237772 V-237773 V-237774 V-237775 V-237776 V-237777 V-237778
,interface.connectivity.toExternalDevice,,,,,true
# Whether the interface is connected to an access layer switch.
##### STIGs,Cisco IOS Switch L2S Cisco IOS XE Switch L2S Cisco NX OS Switch L2S
##### Vulnerabilities,V-220629 V-220655 V-220680
,interface.connectivity.toAccessLayerSwitch,,,,,true
# Whether the interface connects to one or more untrusted devices, such as a user device or an untrusted gateway. Such interfaces should not be in trunk mode.
##### STIGs,Cisco IOS Switch L2S Cisco IOS XE Switch L2S
##### Vulnerabilities,V-220645 V-220671
,interface.connectivity.toUntrustedDevice,,,,,true
# Whether the interface is connected to the core layer.
##### STIGs,Cisco IOS Router RTR Cisco IOS Switch RTR Cisco IOS XE Router RTR Cisco IOS XE Switch L2S Cisco IOS XE Switch RTR Cisco IOS XR Router RTR Cisco NX OS Switch RTR
##### Vulnerabilities,V-216619 V-216620 V-216714 V-216715 V-216804 V-216805 V-220458 V-220459 V-220651 V-221050 V-221051 V-221129 V-221130
,interface.connectivity.toCoreLayer,,,,,true
# Whether the interface connects to its neighbor via fiber optics.
##### STIGs,Cisco IOS Switch L2S
##### Vulnerabilities,V-220639
,interface.connectivity.viaFiberOptics,,,,,true
# Whether the interface connects to a customer edge device (i.e. is CE-facing).
##### STIGs,Cisco IOS Router RTR Cisco IOS Switch RTR Cisco IOS XE Router RTR Cisco IOS XE Switch RTR Cisco IOS XR Router RTR Cisco NX OS Switch RTR
##### Vulnerabilities,V-216611 V-216615 V-216617 V-216621 V-216701 V-216705 V-216708 V-216712 V-216716 V-216791 V-216798 V-216802 V-216806 V-220456 V-220460 V-221037 V-221041 V-221044 V-221048 V-221052 V-221117 V-221123 V-221127 V-221131
,interface.connectivity.toCustomerEdgeDevice,,,,,true
# Whether the interface connects to a DODIN backbone device.
##### STIGs,Cisco IOS Router RTR Cisco IOS Switch RTR Cisco IOS XE Router RTR Cisco IOS XE Switch RTR Cisco IOS XR Router RTR Cisco NX OS Switch RTR
##### Vulnerabilities,V-216565 V-216573 V-216581 V-216582 V-216584 V-216585 V-216586 V-216603 V-216655 V-216662 V-216663 V-216671 V-216672 V-216674 V-216675 V-216676 V-216693 V-216746 V-216752 V-216753 V-216761 V-216762 V-216764 V-216990 V-216998 V-217006 V-220433 V-221000 V-221029 V-221093 V-230044 V-230045 V-230046 V-230047 V-230048 V-230049 V-230050 V-230051 V-230052 V-230145 V-230146 V-230147 V-230149 V-230150 V-230151 V-230152 V-230153 V-230154 V-230155 V-230156 V-230157 V-237758 V-237759 V-237761 V-237762 V-237763 V-237764 V-237765 V-237766 V-237771 V-237772 V-237773 V-237774 V-237775 V-237776
,interface.connectivity.toDodinBackbone,,,,,true
# The virtual circuit ID (VC ID) assigned to the interface.
##### STIGs,Cisco IOS Router RTR Cisco IOS XE Router RTR Cisco IOS XE Switch RTR
##### Vulnerabilities,V-216615 V-216705 V-221041
,interface.pseudowireVirtualCircuitId,,,,,55
