"Device names","Type","Networks","Last Snapshot at","Status"
"CDG-ACC-SW01","Main","Rob-2, Arica, GoB-Network, Deron2, Chris Demo, Baher, Hamzah","2025-09-03  01:06:34","active"
"CDG-COR-SW01","Main","Rob-2, Arica, GoB-Network, Deron2, Chris Demo, Baher, Hamzah","2025-09-03  01:06:34","active"
"CDG-DIS-SW01","Main","Rob-2, Arica, GoB-Network, Deron2, Chris Demo, Baher, Hamzah","2025-09-03  01:06:34","active"
"CDG-DIS-SW02","Main","Rob-2, GoB-Network, Deron2, Arica, Chris Demo, Baher","2025-09-03  01:06:34","active"
"CDG-FW01","Main","Rob-2, Arica, GoB-Network, Deron2, Baher","2025-09-03  01:06:34","active"
"CDG-VEDGE01, CDG-vEdge01","Main","Rob-2, Arica, GoB-Network, Deron2, Chris Demo, Baher, Hamzah","2025-09-03  01:06:34","active"
"JFK-ACC-SW01","Main","Rob-2, GoB-Network, Deron2, Arica, Chris Demo, Baher, Hamzah","2025-09-03  01:06:34","active"
"JFK-ACC-SW02","Main","Rob-2, GoB-Network, Deron2, Arica, Chris Demo, Baher, Hamzah","2025-09-03  01:06:34","active"
"JFK-ACC-SW03, JFK-ACC-SW03.fwdlab.com","Main","Rob-2, Arica, GoB-Network, Deron2, a3, Chris Demo, Baher, Hamzah, Deron","2025-09-03  01:06:34","active"
"JFK-ACC-SW04","Main","Rob-2, GoB-Network, Deron2, Arica, Chris Demo, Baher, Hamzah","2025-09-03  01:06:34","active"
"JFK-COR-SW01, JFK-COR-SW01.fwdlab.com","Main","Rob-2, Arica, GoB-Network, Deron2, a3, Chris Demo, Baher, Hamzah","2025-09-03  01:06:34","active"
"JFK-DC-FW01","Main","Rob-2, Arica, GoB-Network, Deron2, a3, Baher","2025-09-03  01:06:34","active"
"JFK-DC-LEAF01","Main","Rob-2, Arica, GoB-Network, Deron2, a3, Chris Demo, Baher, Hamzah, Deron","2025-09-03  01:06:34","active"
"JFK-DC-LEAF02","Main","Rob-2, Arica, GoB-Network, Deron2, a3, Chris Demo, Baher, Hamzah, Deron","2025-09-03  01:06:34","active"
"JFK-DC-LEAF03","Main","Rob-2, Arica, GoB-Network, Deron2, a3, Chris Demo, Baher, Hamzah, Deron","2025-09-03  01:06:34","active"
"JFK-DC-LEAF04","Main","Rob-2, Arica, GoB-Network, Deron2, a3, Chris Demo, Baher, Hamzah, Deron","2025-09-03  01:06:34","active"
"JFK-DC-SPINE01","Main","Rob-2, Arica, GoB-Network, Deron2, a3, Chris Demo, Baher, Hamzah","2025-09-03  01:06:34","active"
"JFK-DC-SPINE02","Main","Rob-2, Arica, GoB-Network, Deron2, a3, Chris Demo, Baher, Hamzah","2025-09-03  01:06:34","active"
"JFK-DC-VEDGE01, JFK-DC-vEdge01","Main","Rob-2, Arica, GoB-Network, Deron2, a3, Chris Demo, Baher, Hamzah","2025-09-03  01:06:34","active"
"JFK-DIS-SW01, JFK-DIS-SW01.fwdlab.com","Main","Rob-2, Arica, GoB-Network, Deron2, a3, Chris Demo, Baher, Hamzah","2025-09-03  01:06:34","active"
"JFK-DIS-SW02, JFK-DIS-SW02.fwdlab.com","Main","Rob-2, Arica, GoB-Network, Deron2, a3, Chris Demo, Baher, Hamzah","2025-09-03  01:06:34","active"
"JFK-FW01","Main","Rob-2, Arica, GoB-Network, Deron2, a3, Chris Demo, Baher, Hamzah","2025-09-03  01:06:34","active"
"JFK-MPLS-RT01, JFK-MPLS-RT01.fwdlab.com","Main","Rob-2, Arica, GoB-Network, Deron2, a3, Chris Demo, Baher, Hamzah","2025-09-03  01:06:34","active"
"JFK-VEDGE01, JFK-vEdge01","Main","Rob-2, Arica, GoB-Network, Deron2, a3, Chris Demo, Baher, Hamzah","2025-09-03  01:06:34","active"
"LAX-ACC-SW01, LAX-ACC-SW01.fwdlab.com","Main","Rob-2, Arica, GoB-Network, Deron2, Chris Demo, Baher, Hamzah","2025-09-03  01:06:34","active"
"LAX-COR-SW01, LAX-COR-SW01.fwdlab.com, atl-bldg1-ios-asw03","Main","Rob-2, Arica, GoB-Network, Deron2, Chris Demo, Baher, Hamzah","2025-09-03  01:06:34","active"
"LAX-DIS-SW01, LAX-DIS-SW01.fwdlab.com","Main","Rob-2, Arica, GoB-Network, Deron2, Chris Demo, Baher, Hamzah, Deron","2025-09-03  01:06:34","active"
"LAX-DIS-SW02, LAX-DIS-SW02.fwdlab.com","Main","Rob-2, Arica, GoB-Network, Deron2, Chris Demo, Baher, Hamzah, Deron","2025-09-03  01:06:34","active"
"LAX-DMVPN-RT01, LAX-DMVPN-RT01.fwdlab.com","Main","Rob-2, Arica, GoB-Network, Deron2, Chris Demo, Baher, Hamzah","2025-09-03  01:06:34","active"
"LAX-MPLS-RT01, LAX-MPLS-RT01.fwdlab.com","Main","Rob-2, Arica, GoB-Network, Deron2, Chris Demo, Baher, Hamzah","2025-09-03  01:06:34","active"
"LHR-RR-RT01, LHR-RR-RT01.fwdlab.com","Main","Rob-2, Arica, GoB-Network, Deron2, Chris Demo, Baher, Hamzah, Deron","2025-09-03  01:06:34","active"
"LHR-RR-RT02, LHR-RR-RT02.fwdlab.com","Main","Rob-2, Arica, GoB-Network, Deron2, Chris Demo, Baher, Hamzah, Deron","2025-09-03  01:06:34","active"
"LHR-VEDGE01, LHR-vEdge01","Main","Rob-2, Arica, GoB-Network, Deron2, Chris Demo, Baher, Hamzah","2025-09-03  01:06:34","active"
"SEA-COR-SW01, SEA-COR-SW01.fwdlab.com","Main","Rob-2, Arica, GoB-Network, Deron2, Chris Demo, Baher, Hamzah, Deron","2025-09-03  01:06:34","active"
"SEA-DMVPN-RT01, SEA-DMVPN-RT01.fwdlab.com","Main","Rob-2, Arica, GoB-Network, Deron2, Chris Demo, Baher, Hamzah","2025-09-03  01:06:34","active"
"SFO-COR-SW01, SFO-COR-SW01.fwdlab.com","Main","Rob-2, Arica, GoB-Network, Deron2, Chris Demo, Baher, Hamzah, Deron","2025-09-03  01:06:34","active"
"SFO-DMVPN-RT01","Main","Rob-2, Arica, GoB-Network, Deron2, Chris Demo, Baher, Hamzah","2025-09-03  01:06:34","active"
"pop1-mcs01","Main","Andy Mulheirn Net 1","2025-09-03  01:01:06","active"
"pop1-mfw01","Main","Andy Mulheirn Net 1","2025-09-03  01:01:06","active"
"farnham-r2","Main","Andy Mulheirn Net 1","2025-09-03  01:01:06","active"
"ubuntu-jumphost","Main","Andy Mulheirn Net 1","2025-09-03  01:01:06","active"
"PE-CSR","Main","Andy Mulheirn Net 1","2025-09-03  01:01:06","active"
"pop2-mcs01","Main","Andy Mulheirn Net 1","2025-09-03  01:01:06","active"
"pop2-mfw01","Main","Andy Mulheirn Net 1","2025-09-03  01:01:06","active"
"r1","Main","Andy Mulheirn Net 1","2025-09-03  01:01:06","active"
"ubuntu-collector, ubuntu-netbox","Main","Andy Mulheirn Net 1","2025-09-03  01:01:06","active"
"DC1-core01","Main","Andy Mulheirn Net 1","2025-09-03  01:01:06","active"
"DC1-core02","Main","Andy Mulheirn Net 1","2025-09-03  01:01:06","active"
"DC2-core01","Main","Andy Mulheirn Net 1","2025-09-03  01:01:06","active"
"DC2-core02","Main","Andy Mulheirn Net 1","2025-09-03  01:01:06","active"
"DC1-switch01","Main","Andy Mulheirn Net 1","2025-09-03  01:01:06","active"
"DC2-switch01","Main","Andy Mulheirn Net 1","2025-09-03  01:01:06","active"
"paris-r3","Main","Andy Mulheirn Net 1","2025-09-03  01:01:06","active"
"berlin-r4","Main","Andy Mulheirn Net 1","2025-09-03  01:01:06","active"
"pop3-mcs01","Main","Andy Mulheirn Net 1","2025-09-03  01:01:06","active"
"big-ip1","Main","Andy Mulheirn Net 1","2025-09-03  01:01:06","active"
"LHR-ACC-SW02","Main","Deron","2025-09-02  16:00:15","active"
"LHR-DIS-RT03","Main","Deron","2025-09-02  16:00:15","active"
"LHR-DIS-RT04","Main","Deron","2025-09-02  16:00:15","active"