{
  "sources" : [
    {
      "name" : "berlin-r4",
      "requestedDeviceName" : "berlin-r4",
      "physical_device_name" : "berlin-r4",
      "vendor" : "juniper_junos",
      "deviceType" : "ROUTER",
      "files" : [
        "berlin-r4,arp.txt",
        "berlin-r4,configuration.txt",
        "berlin-r4,custom_cli.txt",
        "berlin-r4,evpn_l3_context.txt",
        "berlin-r4,fib_switching.txt",
        "berlin-r4,interface_details.txt",
        "berlin-r4,interface_summary.txt",
        "berlin-r4,inventory.txt",
        "berlin-r4,ipv4_mcast.txt",
        "berlin-r4,ipv4_routing.txt",
        "berlin-r4,ipv6_mcast.txt",
        "berlin-r4,l2circuits.txt",
        "berlin-r4,lldp.txt",
        "berlin-r4,mac.txt",
        "berlin-r4,metadata.txt",
        "berlin-r4,mpls_rib.txt",
        "berlin-r4,ndp.txt",
        "berlin-r4,root_device_name.txt",
        "berlin-r4,rsvp_session_info.txt",
        "berlin-r4,snapshot_time.txt",
        "berlin-r4,ssh_rsa_key_length.txt",
        "berlin-r4,stp.txt",
        "berlin-r4,version.txt",
        "berlin-r4,virtual_contexts.txt",
        "berlin-r4,vlan_conf.txt",
        "berlin-r4,vrrp.txt"
      ],
      "states" : [
        "ipv4_mcast",
        "ipv6_mcast",
        "mac",
        "stp",
        "arp",
        "ndp",
        "configuration",
        "interface_summary",
        "interface_details",
        "version",
        "inventory",
        "vlan_conf",
        "lldp",
        "vrrp",
        "mpls_rib",
        "root_device_name",
        "snapshot_time",
        "ipv4_routing",
        "l2circuits",
        "virtual_contexts",
        "metadata",
        "rsvp_session_info",
        "fib_switching",
        "ssh_rsa_key_length",
        "evpn_l3_context"
      ],
      "collectionIp" : "10.200.3.2",
      "createdBy" : "juniper_junos_ssh",
      "error" : "NONE",
      "customCommandError" : "NONE",
      "collectionInstantMillis" : 1764806438507,
      "clientPackageVersion" : "25.10.0-13"
    },
    {
      "name" : "checkpoint2",
      "requestedDeviceName" : "checkpoint2",
      "vendor" : "checkpoint",
      "deviceType" : "FIREWALL",
      "files" : [
        "checkpoint2,snapshot_time.txt"
      ],
      "states" : [
        "snapshot_time"
      ],
      "collectionIp" : "192.168.22.250",
      "createdBy" : "checkpoint_ssh",
      "error" : "PRIV_PASSWORD_ERROR",
      "errorDesc" : "Snapshot collection attempt failed for device checkpoint2:\n  Couldn't enter expert mode on device checkpoint2 because it hadn't been initially set on the device with \"set expert-password\"",
      "customCommandError" : "NONE",
      "collectionInstantMillis" : 1764806418166,
      "clientPackageVersion" : "25.10.0-13"
    },
    {
      "name" : "DC1-core01",
      "requestedDeviceName" : "DC1-core01",
      "vendor" : "unknown",
      "deviceType" : "UNKNOWN",
      "files" : [
        "DC1-core01,snapshot_time.txt"
      ],
      "states" : [
        "snapshot_time"
      ],
      "createdBy" : "juniper_junos_ssh",
      "error" : "INCOMPLETE_SETUP",
      "customCommandError" : "NONE",
      "collectionInstantMillis" : 1764806409785,
      "clientPackageVersion" : "25.10.0-13"
    },
    {
      "name" : "DC1-core02",
      "requestedDeviceName" : "DC1-core02",
      "physical_device_name" : "DC1-core02",
      "vendor" : "juniper_junos",
      "deviceType" : "ROUTER",
      "files" : [
        "DC1-core02,arp.txt",
        "DC1-core02,bgp_peers.txt",
        "DC1-core02,configuration.txt",
        "DC1-core02,custom_cli.txt",
        "DC1-core02,ebgp_advr_routes.txt",
        "DC1-core02,evpn_l3_context.txt",
        "DC1-core02,fib_switching.txt",
        "DC1-core02,interface_details.txt",
        "DC1-core02,interface_summary.txt",
        "DC1-core02,inventory.txt",
        "DC1-core02,ipv4_mcast.txt",
        "DC1-core02,ipv4_routing.txt",
        "DC1-core02,ipv6_mcast.txt",
        "DC1-core02,l2circuits.txt",
        "DC1-core02,lldp.txt",
        "DC1-core02,mac.txt",
        "DC1-core02,metadata.txt",
        "DC1-core02,mpls_rib.txt",
        "DC1-core02,ndp.txt",
        "DC1-core02,root_device_name.txt",
        "DC1-core02,rsvp_session_info.txt",
        "DC1-core02,snapshot_time.txt",
        "DC1-core02,ssh_rsa_key_length.txt",
        "DC1-core02,stp.txt",
        "DC1-core02,version.txt",
        "DC1-core02,virtual_contexts.txt",
        "DC1-core02,vlan_conf.txt",
        "DC1-core02,vrrp.txt"
      ],
      "states" : [
        "ipv4_mcast",
        "ipv6_mcast",
        "mac",
        "stp",
        "arp",
        "ndp",
        "configuration",
        "interface_summary",
        "interface_details",
        "version",
        "inventory",
        "vlan_conf",
        "lldp",
        "vrrp",
        "mpls_rib",
        "root_device_name",
        "snapshot_time",
        "ipv4_routing",
        "l2circuits",
        "virtual_contexts",
        "metadata",
        "bgp_peers",
        "rsvp_session_info",
        "ebgp_advr_routes",
        "fib_switching",
        "ssh_rsa_key_length",
        "evpn_l3_context"
      ],
      "collectionIp" : "192.168.22.52",
      "createdBy" : "juniper_junos_ssh",
      "error" : "NONE",
      "customCommandError" : "NONE",
      "collectionInstantMillis" : 1764806438354,
      "clientPackageVersion" : "25.10.0-13"
    },
    {
      "name" : "DC1-switch01",
      "requestedDeviceName" : "DC1-switch01",
      "vendor" : "arista_eos",
      "deviceType" : "SWITCH",
      "files" : [
        "DC1-switch01,arp.txt",
        "DC1-switch01,configuration.txt",
        "DC1-switch01,custom_cli.txt",
        "DC1-switch01,interface_details.txt",
        "DC1-switch01,interface_summary.txt",
        "DC1-switch01,inventory.txt",
        "DC1-switch01,ip_igmp_groups.txt",
        "DC1-switch01,ip_igmp_interfaces.txt",
        "DC1-switch01,ip_igmp_snoop_explicit_tracking.txt",
        "DC1-switch01,ip_igmp_vrf_groups.txt",
        "DC1-switch01,ip_igmp_vrf_ifaces.txt",
        "DC1-switch01,ipv4.txt",
        "DC1-switch01,ipv4_mcast_rp.txt",
        "DC1-switch01,ipv6_mcast_rp.txt",
        "DC1-switch01,lldp.txt",
        "DC1-switch01,mac.txt",
        "DC1-switch01,metadata.txt",
        "DC1-switch01,ndp.txt",
        "DC1-switch01,port_channel_members.txt",
        "DC1-switch01,root_device_name.txt",
        "DC1-switch01,snapshot_time.txt",
        "DC1-switch01,stp.txt",
        "DC1-switch01,switchport.txt",
        "DC1-switch01,version.txt",
        "DC1-switch01,vlan_status.txt",
        "DC1-switch01,vrf_mcast_routing.txt"
      ],
      "states" : [
        "ipv4",
        "mac",
        "stp",
        "arp",
        "ndp",
        "configuration",
        "switchport",
        "interface_summary",
        "interface_details",
        "vlan_status",
        "version",
        "inventory",
        "vlan_conf",
        "lldp",
        "port_channel_members",
        "snapshot_time",
        "ipv4_routing",
        "ip_igmp_interfaces",
        "ip_igmp_groups",
        "ip_igmp_vrf_ifaces",
        "ip_igmp_vrf_groups",
        "vrf_mcast_routing",
        "igp_ipv4_routes",
        "bgp_ipv4_routes",
        "metadata",
        "ipv4_mcast_rp",
        "ipv6_mcast_rp",
        "ip_igmp_snoop_explicit_tracking"
      ],
      "collectionIp" : "192.168.22.55",
      "createdBy" : "arista_eos_ssh",
      "error" : "NONE",
      "customCommandError" : "NONE",
      "collectionInstantMillis" : 1764806440768,
      "clientPackageVersion" : "25.10.0-13"
    },
    {
      "name" : "DC2-core01",
      "requestedDeviceName" : "DC2-core01",
      "physical_device_name" : "DC2-core01",
      "vendor" : "juniper_junos",
      "deviceType" : "ROUTER",
      "files" : [
        "DC2-core01,arp.txt",
        "DC2-core01,bgp_peers.txt",
        "DC2-core01,configuration.txt",
        "DC2-core01,custom_cli.txt",
        "DC2-core01,ebgp_advr_routes.txt",
        "DC2-core01,evpn_l3_context.txt",
        "DC2-core01,fib_switching.txt",
        "DC2-core01,interface_details.txt",
        "DC2-core01,interface_summary.txt",
        "DC2-core01,inventory.txt",
        "DC2-core01,ipv4_mcast.txt",
        "DC2-core01,ipv4_routing.txt",
        "DC2-core01,ipv6_mcast.txt",
        "DC2-core01,l2circuits.txt",
        "DC2-core01,lldp.txt",
        "DC2-core01,mac.txt",
        "DC2-core01,metadata.txt",
        "DC2-core01,mpls_rib.txt",
        "DC2-core01,ndp.txt",
        "DC2-core01,root_device_name.txt",
        "DC2-core01,rsvp_session_info.txt",
        "DC2-core01,snapshot_time.txt",
        "DC2-core01,ssh_rsa_key_length.txt",
        "DC2-core01,stp.txt",
        "DC2-core01,version.txt",
        "DC2-core01,virtual_contexts.txt",
        "DC2-core01,vlan_conf.txt",
        "DC2-core01,vrrp.txt"
      ],
      "states" : [
        "ipv4_mcast",
        "ipv6_mcast",
        "mac",
        "stp",
        "arp",
        "ndp",
        "configuration",
        "interface_summary",
        "interface_details",
        "version",
        "inventory",
        "vlan_conf",
        "lldp",
        "vrrp",
        "mpls_rib",
        "root_device_name",
        "snapshot_time",
        "ipv4_routing",
        "l2circuits",
        "virtual_contexts",
        "metadata",
        "bgp_peers",
        "rsvp_session_info",
        "ebgp_advr_routes",
        "fib_switching",
        "ssh_rsa_key_length",
        "evpn_l3_context"
      ],
      "collectionIp" : "192.168.22.53",
      "createdBy" : "juniper_junos_ssh",
      "error" : "NONE",
      "customCommandError" : "NONE",
      "collectionInstantMillis" : 1764806457368,
      "clientPackageVersion" : "25.10.0-13"
    },
    {
      "name" : "DC2-core02",
      "requestedDeviceName" : "DC2-core02",
      "physical_device_name" : "DC2-core02",
      "vendor" : "juniper_junos",
      "deviceType" : "ROUTER",
      "files" : [
        "DC2-core02,arp.txt",
        "DC2-core02,bgp_peers.txt",
        "DC2-core02,configuration.txt",
        "DC2-core02,custom_cli.txt",
        "DC2-core02,ebgp_advr_routes.txt",
        "DC2-core02,evpn_l3_context.txt",
        "DC2-core02,fib_switching.txt",
        "DC2-core02,interface_details.txt",
        "DC2-core02,interface_summary.txt",
        "DC2-core02,inventory.txt",
        "DC2-core02,ipv4_mcast.txt",
        "DC2-core02,ipv4_routing.txt",
        "DC2-core02,ipv6_mcast.txt",
        "DC2-core02,l2circuits.txt",
        "DC2-core02,lldp.txt",
        "DC2-core02,mac.txt",
        "DC2-core02,metadata.txt",
        "DC2-core02,mpls_rib.txt",
        "DC2-core02,ndp.txt",
        "DC2-core02,root_device_name.txt",
        "DC2-core02,rsvp_session_info.txt",
        "DC2-core02,snapshot_time.txt",
        "DC2-core02,ssh_rsa_key_length.txt",
        "DC2-core02,stp.txt",
        "DC2-core02,version.txt",
        "DC2-core02,virtual_contexts.txt",
        "DC2-core02,vlan_conf.txt",
        "DC2-core02,vrrp.txt"
      ],
      "states" : [
        "ipv4_mcast",
        "ipv6_mcast",
        "mac",
        "stp",
        "arp",
        "ndp",
        "configuration",
        "interface_summary",
        "interface_details",
        "version",
        "inventory",
        "vlan_conf",
        "lldp",
        "vrrp",
        "mpls_rib",
        "root_device_name",
        "snapshot_time",
        "ipv4_routing",
        "l2circuits",
        "virtual_contexts",
        "metadata",
        "bgp_peers",
        "rsvp_session_info",
        "ebgp_advr_routes",
        "fib_switching",
        "ssh_rsa_key_length",
        "evpn_l3_context"
      ],
      "collectionIp" : "192.168.22.54",
      "createdBy" : "juniper_junos_ssh",
      "error" : "NONE",
      "customCommandError" : "NONE",
      "collectionInstantMillis" : 1764806438631,
      "clientPackageVersion" : "25.10.0-13"
    },
    {
      "name" : "DC2-switch01",
      "requestedDeviceName" : "DC2-switch01",
      "vendor" : "arista_eos",
      "deviceType" : "SWITCH",
      "files" : [
        "DC2-switch01,arp.txt",
        "DC2-switch01,configuration.txt",
        "DC2-switch01,custom_cli.txt",
        "DC2-switch01,interface_details.txt",
        "DC2-switch01,interface_summary.txt",
        "DC2-switch01,inventory.txt",
        "DC2-switch01,ip_igmp_groups.txt",
        "DC2-switch01,ip_igmp_interfaces.txt",
        "DC2-switch01,ip_igmp_snoop_explicit_tracking.txt",
        "DC2-switch01,ip_igmp_vrf_groups.txt",
        "DC2-switch01,ip_igmp_vrf_ifaces.txt",
        "DC2-switch01,ipv4.txt",
        "DC2-switch01,ipv4_mcast_rp.txt",
        "DC2-switch01,ipv6_mcast_rp.txt",
        "DC2-switch01,lldp.txt",
        "DC2-switch01,mac.txt",
        "DC2-switch01,metadata.txt",
        "DC2-switch01,ndp.txt",
        "DC2-switch01,port_channel_members.txt",
        "DC2-switch01,root_device_name.txt",
        "DC2-switch01,snapshot_time.txt",
        "DC2-switch01,stp.txt",
        "DC2-switch01,switchport.txt",
        "DC2-switch01,version.txt",
        "DC2-switch01,vlan_status.txt",
        "DC2-switch01,vrf_mcast_routing.txt"
      ],
      "states" : [
        "ipv4",
        "mac",
        "stp",
        "arp",
        "ndp",
        "configuration",
        "switchport",
        "interface_summary",
        "interface_details",
        "vlan_status",
        "version",
        "inventory",
        "vlan_conf",
        "lldp",
        "port_channel_members",
        "snapshot_time",
        "ipv4_routing",
        "ip_igmp_interfaces",
        "ip_igmp_groups",
        "ip_igmp_vrf_ifaces",
        "ip_igmp_vrf_groups",
        "vrf_mcast_routing",
        "igp_ipv4_routes",
        "bgp_ipv4_routes",
        "metadata",
        "ipv4_mcast_rp",
        "ipv6_mcast_rp",
        "ip_igmp_snoop_explicit_tracking"
      ],
      "collectionIp" : "192.168.22.56",
      "createdBy" : "arista_eos_ssh",
      "error" : "NONE",
      "customCommandError" : "NONE",
      "collectionInstantMillis" : 1764806440820,
      "clientPackageVersion" : "25.10.0-13"
    },
    {
      "name" : "eve-ng",
      "requestedDeviceName" : "eve-ng",
      "vendor" : "linux_os",
      "deviceType" : "VSWITCH",
      "files" : [
        "eve-ng,acl_conf.txt",
        "eve-ng,acl_conf_ipv6.txt",
        "eve-ng,arp.txt",
        "eve-ng,bonding_interface_status.txt",
        "eve-ng,config_ovpn.txt",
        "eve-ng,hostname.txt",
        "eve-ng,interface_details.txt",
        "eve-ng,inventory.txt",
        "eve-ng,ipv4.txt",
        "eve-ng,ipv6.txt",
        "eve-ng,linux_platform_type.txt",
        "eve-ng,metadata.txt",
        "eve-ng,nat_v4.txt",
        "eve-ng,nat_v6.txt",
        "eve-ng,ndp.txt",
        "eve-ng,ovpn_dns.txt",
        "eve-ng,ovpn_gateway.txt",
        "eve-ng,ovpn_pushed_client_configs.txt",
        "eve-ng,ovpn_status.txt",
        "eve-ng,ovpn_tunnel.txt",
        "eve-ng,snapshot_time.txt",
        "eve-ng,version.txt"
      ],
      "states" : [
        "ipv4",
        "ipv6",
        "arp",
        "ndp",
        "interface_details",
        "version",
        "inventory",
        "acl_conf",
        "hostname",
        "acl_conf_ipv6",
        "bonding_interface_status",
        "nat_v4",
        "nat_v6",
        "snapshot_time",
        "metadata",
        "ovpn_pushed_client_configs",
        "config_ovpn",
        "ovpn_gateway",
        "ovpn_status",
        "ovpn_tunnel",
        "ovpn_dns",
        "linux_platform_type"
      ],
      "collectionIp" : "192.168.22.9",
      "createdBy" : "linux_os_ssh",
      "error" : "NONE",
      "customCommandError" : "NONE",
      "collectionInstantMillis" : 1764806444471,
      "clientPackageVersion" : "25.10.0-13"
    },
    {
      "name" : "farnham-r2",
      "requestedDeviceName" : "farnham-r2",
      "physical_device_name" : "farnham-r2",
      "vendor" : "juniper_junos",
      "deviceType" : "ROUTER",
      "files" : [
        "farnham-r2,arp.txt",
        "farnham-r2,bgp_peers.txt",
        "farnham-r2,configuration.txt",
        "farnham-r2,custom_cli.txt",
        "farnham-r2,evpn_l3_context.txt",
        "farnham-r2,fib_switching.txt",
        "farnham-r2,interface_details.txt",
        "farnham-r2,interface_summary.txt",
        "farnham-r2,inventory.txt",
        "farnham-r2,ipv4_mcast.txt",
        "farnham-r2,ipv4_routing.txt",
        "farnham-r2,ipv6_mcast.txt",
        "farnham-r2,l2circuits.txt",
        "farnham-r2,lldp.txt",
        "farnham-r2,mac.txt",
        "farnham-r2,metadata.txt",
        "farnham-r2,mpls_rib.txt",
        "farnham-r2,ndp.txt",
        "farnham-r2,root_device_name.txt",
        "farnham-r2,rsvp_session_info.txt",
        "farnham-r2,snapshot_time.txt",
        "farnham-r2,ssh_rsa_key_length.txt",
        "farnham-r2,stp.txt",
        "farnham-r2,version.txt",
        "farnham-r2,virtual_contexts.txt",
        "farnham-r2,vlan_conf.txt",
        "farnham-r2,vrrp.txt"
      ],
      "states" : [
        "ipv4_mcast",
        "ipv6_mcast",
        "mac",
        "stp",
        "arp",
        "ndp",
        "configuration",
        "interface_summary",
        "interface_details",
        "version",
        "inventory",
        "vlan_conf",
        "lldp",
        "vrrp",
        "mpls_rib",
        "root_device_name",
        "snapshot_time",
        "ipv4_routing",
        "l2circuits",
        "virtual_contexts",
        "metadata",
        "bgp_peers",
        "rsvp_session_info",
        "fib_switching",
        "ssh_rsa_key_length",
        "evpn_l3_context"
      ],
      "collectionIp" : "192.168.33.12",
      "createdBy" : "juniper_junos_ssh",
      "error" : "NONE",
      "customCommandError" : "NONE",
      "collectionInstantMillis" : 1764806435772,
      "clientPackageVersion" : "25.10.0-13"
    },
    {
      "name" : "github_acceptable_versions",
      "vendor" : "unknown",
      "deviceType" : "EXTERNAL_SOURCE",
      "files" : [
        "github_acceptable_versions,external_sources_metadata.txt",
        "github_acceptable_versions,http_source_response,,accept_vers.txt",
        "github_acceptable_versions,snapshot_time.txt"
      ],
      "states" : [
        "snapshot_time"
      ],
      "collectionIp" : "185.199.109.133",
      "collectionPort" : 443,
      "createdBy" : "unknown",
      "error" : "NONE",
      "customCommandError" : "NONE",
      "collectionInstantMillis" : 1764806409846,
      "clientPackageVersion" : "25.10.0-13"
    },
    {
      "name" : "githubam",
      "vendor" : "unknown",
      "deviceType" : "EXTERNAL_SOURCE",
      "files" : [
        "githubam,external_sources_metadata.txt",
        "githubam,http_source_response,,ntp_template.txt",
        "githubam,snapshot_time.txt"
      ],
      "states" : [
        "snapshot_time"
      ],
      "collectionIp" : "185.199.109.133",
      "collectionPort" : 443,
      "createdBy" : "unknown",
      "error" : "NONE",
      "customCommandError" : "NONE",
      "collectionInstantMillis" : 1764806410673,
      "clientPackageVersion" : "25.10.0-13"
    },
    {
      "name" : "gitlab_template",
      "vendor" : "unknown",
      "deviceType" : "EXTERNAL_SOURCE",
      "files" : [
        "gitlab_template,external_sources_metadata.txt",
        "gitlab_template,http_source_response,,ntp_template.txt",
        "gitlab_template,snapshot_time.txt"
      ],
      "states" : [
        "snapshot_time"
      ],
      "collectionIp" : "172.65.251.78",
      "collectionPort" : 443,
      "createdBy" : "unknown",
      "error" : "NONE",
      "customCommandError" : "NONE",
      "collectionInstantMillis" : 1764806411891,
      "clientPackageVersion" : "25.10.0-13"
    },
    {
      "name" : "madrid-r6",
      "requestedDeviceName" : "madrid-r6",
      "physical_device_name" : "madrid-r6",
      "vendor" : "juniper_junos",
      "deviceType" : "ROUTER",
      "files" : [
        "madrid-r6,arp.txt",
        "madrid-r6,bgp_peers.txt",
        "madrid-r6,configuration.txt",
        "madrid-r6,custom_cli.txt",
        "madrid-r6,evpn_l3_context.txt",
        "madrid-r6,fib_switching.txt",
        "madrid-r6,interface_details.txt",
        "madrid-r6,interface_summary.txt",
        "madrid-r6,inventory.txt",
        "madrid-r6,ipv4_mcast.txt",
        "madrid-r6,ipv4_routing.txt",
        "madrid-r6,ipv6_mcast.txt",
        "madrid-r6,l2circuits.txt",
        "madrid-r6,lldp.txt",
        "madrid-r6,mac.txt",
        "madrid-r6,metadata.txt",
        "madrid-r6,mpls_rib.txt",
        "madrid-r6,ndp.txt",
        "madrid-r6,root_device_name.txt",
        "madrid-r6,rsvp_session_info.txt",
        "madrid-r6,snapshot_time.txt",
        "madrid-r6,ssh_rsa_key_length.txt",
        "madrid-r6,stp.txt",
        "madrid-r6,version.txt",
        "madrid-r6,virtual_contexts.txt",
        "madrid-r6,vlan_conf.txt",
        "madrid-r6,vrrp.txt"
      ],
      "states" : [
        "ipv4_mcast",
        "ipv6_mcast",
        "mac",
        "stp",
        "arp",
        "ndp",
        "configuration",
        "interface_summary",
        "interface_details",
        "version",
        "inventory",
        "vlan_conf",
        "lldp",
        "vrrp",
        "mpls_rib",
        "root_device_name",
        "snapshot_time",
        "ipv4_routing",
        "l2circuits",
        "virtual_contexts",
        "metadata",
        "bgp_peers",
        "rsvp_session_info",
        "fib_switching",
        "ssh_rsa_key_length",
        "evpn_l3_context"
      ],
      "collectionIp" : "10.200.2.4",
      "createdBy" : "juniper_junos_ssh",
      "error" : "NONE",
      "customCommandError" : "NONE",
      "collectionInstantMillis" : 1764806440302,
      "clientPackageVersion" : "25.10.0-13"
    },
    {
      "name" : "milan-r5",
      "requestedDeviceName" : "milan-r5",
      "physical_device_name" : "milan-r5",
      "vendor" : "juniper_junos",
      "deviceType" : "ROUTER",
      "files" : [
        "milan-r5,arp.txt",
        "milan-r5,bgp_peers.txt",
        "milan-r5,configuration.txt",
        "milan-r5,custom_cli.txt",
        "milan-r5,evpn_l3_context.txt",
        "milan-r5,fib_switching.txt",
        "milan-r5,interface_details.txt",
        "milan-r5,interface_summary.txt",
        "milan-r5,inventory.txt",
        "milan-r5,ipv4_mcast.txt",
        "milan-r5,ipv4_routing.txt",
        "milan-r5,ipv6_mcast.txt",
        "milan-r5,l2circuits.txt",
        "milan-r5,lldp.txt",
        "milan-r5,mac.txt",
        "milan-r5,metadata.txt",
        "milan-r5,mpls_rib.txt",
        "milan-r5,ndp.txt",
        "milan-r5,root_device_name.txt",
        "milan-r5,rsvp_session_info.txt",
        "milan-r5,snapshot_time.txt",
        "milan-r5,ssh_rsa_key_length.txt",
        "milan-r5,stp.txt",
        "milan-r5,version.txt",
        "milan-r5,virtual_contexts.txt",
        "milan-r5,vlan_conf.txt",
        "milan-r5,vrrp.txt"
      ],
      "states" : [
        "ipv4_mcast",
        "ipv6_mcast",
        "mac",
        "stp",
        "arp",
        "ndp",
        "configuration",
        "interface_summary",
        "interface_details",
        "version",
        "inventory",
        "vlan_conf",
        "lldp",
        "vrrp",
        "mpls_rib",
        "root_device_name",
        "snapshot_time",
        "ipv4_routing",
        "l2circuits",
        "virtual_contexts",
        "metadata",
        "bgp_peers",
        "rsvp_session_info",
        "fib_switching",
        "ssh_rsa_key_length",
        "evpn_l3_context"
      ],
      "collectionIp" : "10.200.2.3",
      "createdBy" : "juniper_junos_ssh",
      "error" : "NONE",
      "customCommandError" : "NONE",
      "collectionInstantMillis" : 1764806465532,
      "clientPackageVersion" : "25.10.0-13"
    },
    {
      "name" : "netbox",
      "vendor" : "unknown",
      "deviceType" : "EXTERNAL_SOURCE",
      "files" : [
        "netbox,external_sources_metadata.txt",
        "netbox,http_source_response,,devices.txt",
        "netbox,snapshot_time.txt"
      ],
      "states" : [
        "snapshot_time"
      ],
      "collectionIp" : "192.168.22.7",
      "collectionPort" : 443,
      "createdBy" : "unknown",
      "error" : "NONE",
      "customCommandError" : "NONE",
      "collectionInstantMillis" : 1764806415527,
      "clientPackageVersion" : "25.10.0-13"
    },
    {
      "name" : "paris-r3",
      "requestedDeviceName" : "paris-r3",
      "physical_device_name" : "paris-r3",
      "vendor" : "juniper_junos",
      "deviceType" : "ROUTER",
      "files" : [
        "paris-r3,arp.txt",
        "paris-r3,bgp_peers.txt",
        "paris-r3,configuration.txt",
        "paris-r3,custom_cli.txt",
        "paris-r3,evpn_l3_context.txt",
        "paris-r3,fib_switching.txt",
        "paris-r3,interface_details.txt",
        "paris-r3,interface_summary.txt",
        "paris-r3,inventory.txt",
        "paris-r3,ipv4_mcast.txt",
        "paris-r3,ipv4_routing.txt",
        "paris-r3,ipv6_mcast.txt",
        "paris-r3,l2circuits.txt",
        "paris-r3,lldp.txt",
        "paris-r3,mac.txt",
        "paris-r3,metadata.txt",
        "paris-r3,mpls_rib.txt",
        "paris-r3,ndp.txt",
        "paris-r3,root_device_name.txt",
        "paris-r3,rsvp_session_info.txt",
        "paris-r3,snapshot_time.txt",
        "paris-r3,ssh_rsa_key_length.txt",
        "paris-r3,stp.txt",
        "paris-r3,version.txt",
        "paris-r3,virtual_contexts.txt",
        "paris-r3,vlan_conf.txt",
        "paris-r3,vrrp.txt"
      ],
      "states" : [
        "ipv4_mcast",
        "ipv6_mcast",
        "mac",
        "stp",
        "arp",
        "ndp",
        "configuration",
        "interface_summary",
        "interface_details",
        "version",
        "inventory",
        "vlan_conf",
        "lldp",
        "vrrp",
        "mpls_rib",
        "root_device_name",
        "snapshot_time",
        "ipv4_routing",
        "l2circuits",
        "virtual_contexts",
        "metadata",
        "bgp_peers",
        "rsvp_session_info",
        "fib_switching",
        "ssh_rsa_key_length",
        "evpn_l3_context"
      ],
      "collectionIp" : "10.200.2.2",
      "createdBy" : "juniper_junos_ssh",
      "error" : "NONE",
      "customCommandError" : "NONE",
      "collectionInstantMillis" : 1764806440788,
      "clientPackageVersion" : "25.10.0-13"
    },
    {
      "name" : "PE-CSR",
      "requestedDeviceName" : "PE-CSR",
      "vendor" : "cisco_ios_xe",
      "deviceType" : "ROUTER",
      "files" : [
        "PE-CSR,arp.txt",
        "PE-CSR,arp_vrf.txt",
        "PE-CSR,bgp_peers.txt",
        "PE-CSR,bgp_summary.txt",
        "PE-CSR,cdp.txt",
        "PE-CSR,configuration.txt",
        "PE-CSR,interface_details.txt",
        "PE-CSR,interface_summary.txt",
        "PE-CSR,inventory.txt",
        "PE-CSR,ipv4_routing.txt",
        "PE-CSR,lldp.txt",
        "PE-CSR,metadata.txt",
        "PE-CSR,ndp.txt",
        "PE-CSR,ospf_ifaces.txt",
        "PE-CSR,ospf_peers.txt",
        "PE-CSR,ospf_summary.txt",
        "PE-CSR,port_channel_members.txt",
        "PE-CSR,root_device_name.txt",
        "PE-CSR,snapshot_time.txt",
        "PE-CSR,stp.txt",
        "PE-CSR,switchport.txt",
        "PE-CSR,version.txt",
        "PE-CSR,vlan_status.txt",
        "PE-CSR,vrf_routing.txt"
      ],
      "states" : [
        "ipv4",
        "vrf",
        "stp",
        "arp",
        "arp_vrf",
        "ndp",
        "configuration",
        "switchport",
        "interface_summary",
        "interface_details",
        "vlan_status",
        "version",
        "inventory",
        "acl_conf",
        "cdp",
        "lldp",
        "port_channel_members",
        "snapshot_time",
        "ipv4_routing",
        "vrf_routing",
        "vrfv6",
        "igp_ipv4_routes",
        "bgp_ipv4_routes",
        "bmp",
        "metadata",
        "bgp_peers",
        "bgp_summary",
        "bmp_recv_routes",
        "bmp_advr_routes",
        "bgp_bin",
        "ospf_summary",
        "ospf_peers",
        "ospf_ifaces"
      ],
      "collectionIp" : "192.168.33.14",
      "createdBy" : "cisco_ios_xe_ssh",
      "error" : "NONE",
      "customCommandError" : "NONE",
      "collectionInstantMillis" : 1764806446165,
      "clientPackageVersion" : "25.10.0-13"
    },
    {
      "name" : "pop1-mcs01",
      "requestedDeviceName" : "pop1-mcs01",
      "vendor" : "arista_eos",
      "deviceType" : "SWITCH",
      "files" : [
        "pop1-mcs01,arp.txt",
        "pop1-mcs01,arp_vrf.txt",
        "pop1-mcs01,configuration.txt",
        "pop1-mcs01,custom_cli.txt",
        "pop1-mcs01,interface_details.txt",
        "pop1-mcs01,interface_summary.txt",
        "pop1-mcs01,inventory.txt",
        "pop1-mcs01,ip_igmp_groups.txt",
        "pop1-mcs01,ip_igmp_interfaces.txt",
        "pop1-mcs01,ip_igmp_snoop_explicit_tracking.txt",
        "pop1-mcs01,ip_igmp_vrf_groups.txt",
        "pop1-mcs01,ip_igmp_vrf_ifaces.txt",
        "pop1-mcs01,ipv4.txt",
        "pop1-mcs01,ipv4_mcast_rp.txt",
        "pop1-mcs01,ipv6_mcast_rp.txt",
        "pop1-mcs01,lldp.txt",
        "pop1-mcs01,mac.txt",
        "pop1-mcs01,metadata.txt",
        "pop1-mcs01,ndp.txt",
        "pop1-mcs01,ospf_ifaces.txt",
        "pop1-mcs01,ospf_peers.txt",
        "pop1-mcs01,ospf_summary.txt",
        "pop1-mcs01,port_channel_members.txt",
        "pop1-mcs01,root_device_name.txt",
        "pop1-mcs01,snapshot_time.txt",
        "pop1-mcs01,stp.txt",
        "pop1-mcs01,switchport.txt",
        "pop1-mcs01,version.txt",
        "pop1-mcs01,vlan_status.txt",
        "pop1-mcs01,vrf.txt",
        "pop1-mcs01,vrf_mcast_routing.txt"
      ],
      "states" : [
        "ipv4",
        "vrf",
        "mac",
        "stp",
        "arp",
        "arp_vrf",
        "ndp",
        "configuration",
        "switchport",
        "interface_summary",
        "interface_details",
        "vlan_status",
        "version",
        "inventory",
        "vlan_conf",
        "lldp",
        "port_channel_members",
        "snapshot_time",
        "ipv4_routing",
        "ip_igmp_interfaces",
        "ip_igmp_groups",
        "ip_igmp_vrf_ifaces",
        "ip_igmp_vrf_groups",
        "vrf_mcast_routing",
        "igp_ipv4_routes",
        "bgp_ipv4_routes",
        "metadata",
        "ipv4_mcast_rp",
        "ipv6_mcast_rp",
        "ip_igmp_snoop_explicit_tracking",
        "ospf_summary",
        "ospf_peers",
        "ospf_ifaces"
      ],
      "collectionIp" : "10.255.0.1",
      "createdBy" : "arista_eos_ssh",
      "error" : "NONE",
      "customCommandError" : "NONE",
      "collectionInstantMillis" : 1764806448910,
      "clientPackageVersion" : "25.10.0-13"
    },
    {
      "name" : "pop1-mfw01",
      "requestedDeviceName" : "pop1-mfw01",
      "physical_device_name" : "pop1-mfw01",
      "vendor" : "fortinet",
      "deviceType" : "FIREWALL",
      "files" : [
        "pop1-mfw01,arp.txt",
        "pop1-mfw01,bgp_peers.txt",
        "pop1-mfw01,bgp_summary.txt",
        "pop1-mfw01,configuration.txt",
        "pop1-mfw01,custom_cli,,,1.txt",
        "pop1-mfw01,custom_cli,,,10.txt",
        "pop1-mfw01,custom_cli,,,2.txt",
        "pop1-mfw01,custom_cli,,,3.txt",
        "pop1-mfw01,custom_cli,,,4.txt",
        "pop1-mfw01,custom_cli,,,5.txt",
        "pop1-mfw01,custom_cli,,,6.txt",
        "pop1-mfw01,custom_cli,,,7.txt",
        "pop1-mfw01,custom_cli,,,8.txt",
        "pop1-mfw01,custom_cli,,,9.txt",
        "pop1-mfw01,custom_cli.txt",
        "pop1-mfw01,domain_name.txt",
        "pop1-mfw01,failover.txt",
        "pop1-mfw01,fqdn.txt",
        "pop1-mfw01,fw_stat.txt",
        "pop1-mfw01,interface_details.txt",
        "pop1-mfw01,interface_mac.txt",
        "pop1-mfw01,interface_summary.txt",
        "pop1-mfw01,ipv4.txt",
        "pop1-mfw01,ipv6.txt",
        "pop1-mfw01,lldp.txt",
        "pop1-mfw01,mac.txt",
        "pop1-mfw01,machine_name.txt",
        "pop1-mfw01,metadata.txt",
        "pop1-mfw01,ndp.txt",
        "pop1-mfw01,port_channel_members.txt",
        "pop1-mfw01,public_ip.txt",
        "pop1-mfw01,root_device_name.txt",
        "pop1-mfw01,root_machine_name.txt",
        "pop1-mfw01,snapshot_time.txt",
        "pop1-mfw01,stp.txt",
        "pop1-mfw01,uptime.txt",
        "pop1-mfw01,version.txt",
        "pop1-mfw01,vpn_tunnels.txt"
      ],
      "states" : [
        "ipv4",
        "ipv6",
        "mac",
        "stp",
        "arp",
        "ndp",
        "configuration",
        "interface_summary",
        "interface_details",
        "version",
        "lldp",
        "port_channel_members",
        "fw_stat",
        "machine_name",
        "snapshot_time",
        "failover",
        "metadata",
        "bgp_peers",
        "domain_name",
        "vpn_tunnels",
        "bgp_summary",
        "interface_mac",
        "fqdn",
        "uptime",
        "public_ip"
      ],
      "collectionIp" : "10.255.0.0",
      "createdBy" : "fortinet_ssh",
      "error" : "NONE",
      "customCommandError" : "NONE",
      "collectionInstantMillis" : 1764806446245,
      "clientPackageVersion" : "25.10.0-13"
    },
    {
      "name" : "pop2-mcs01",
      "requestedDeviceName" : "pop2-mcs01",
      "vendor" : "arista_eos",
      "deviceType" : "SWITCH",
      "files" : [
        "pop2-mcs01,arp.txt",
        "pop2-mcs01,configuration.txt",
        "pop2-mcs01,custom_cli.txt",
        "pop2-mcs01,interface_details.txt",
        "pop2-mcs01,interface_summary.txt",
        "pop2-mcs01,inventory.txt",
        "pop2-mcs01,ip_igmp_groups.txt",
        "pop2-mcs01,ip_igmp_interfaces.txt",
        "pop2-mcs01,ip_igmp_snoop_explicit_tracking.txt",
        "pop2-mcs01,ip_igmp_vrf_groups.txt",
        "pop2-mcs01,ip_igmp_vrf_ifaces.txt",
        "pop2-mcs01,ipv4.txt",
        "pop2-mcs01,ipv4_mcast_rp.txt",
        "pop2-mcs01,ipv6_mcast_rp.txt",
        "pop2-mcs01,lldp.txt",
        "pop2-mcs01,mac.txt",
        "pop2-mcs01,metadata.txt",
        "pop2-mcs01,ndp.txt",
        "pop2-mcs01,ospf_ifaces.txt",
        "pop2-mcs01,ospf_peers.txt",
        "pop2-mcs01,ospf_summary.txt",
        "pop2-mcs01,port_channel_members.txt",
        "pop2-mcs01,root_device_name.txt",
        "pop2-mcs01,snapshot_time.txt",
        "pop2-mcs01,stp.txt",
        "pop2-mcs01,switchport.txt",
        "pop2-mcs01,version.txt",
        "pop2-mcs01,vlan_status.txt",
        "pop2-mcs01,vrf_mcast_routing.txt"
      ],
      "states" : [
        "ipv4",
        "mac",
        "stp",
        "arp",
        "ndp",
        "configuration",
        "switchport",
        "interface_summary",
        "interface_details",
        "vlan_status",
        "version",
        "inventory",
        "vlan_conf",
        "lldp",
        "port_channel_members",
        "snapshot_time",
        "ipv4_routing",
        "ip_igmp_interfaces",
        "ip_igmp_groups",
        "ip_igmp_vrf_ifaces",
        "ip_igmp_vrf_groups",
        "vrf_mcast_routing",
        "igp_ipv4_routes",
        "bgp_ipv4_routes",
        "metadata",
        "ipv4_mcast_rp",
        "ipv6_mcast_rp",
        "ip_igmp_snoop_explicit_tracking",
        "ospf_summary",
        "ospf_peers",
        "ospf_ifaces"
      ],
      "collectionIp" : "10.255.0.5",
      "createdBy" : "arista_eos_ssh",
      "error" : "NONE",
      "customCommandError" : "NONE",
      "collectionInstantMillis" : 1764806438395,
      "clientPackageVersion" : "25.10.0-13"
    },
    {
      "name" : "pop2-mfw01",
      "requestedDeviceName" : "pop2-mfw01",
      "physical_device_name" : "pop2-mfw01",
      "vendor" : "fortinet",
      "deviceType" : "FIREWALL",
      "files" : [
        "pop2-mfw01,arp.txt",
        "pop2-mfw01,bgp_peers.txt",
        "pop2-mfw01,bgp_summary.txt",
        "pop2-mfw01,configuration.txt",
        "pop2-mfw01,custom_cli,,,1.txt",
        "pop2-mfw01,custom_cli,,,10.txt",
        "pop2-mfw01,custom_cli,,,2.txt",
        "pop2-mfw01,custom_cli,,,3.txt",
        "pop2-mfw01,custom_cli,,,4.txt",
        "pop2-mfw01,custom_cli,,,5.txt",
        "pop2-mfw01,custom_cli,,,6.txt",
        "pop2-mfw01,custom_cli,,,7.txt",
        "pop2-mfw01,custom_cli,,,8.txt",
        "pop2-mfw01,custom_cli,,,9.txt",
        "pop2-mfw01,custom_cli.txt",
        "pop2-mfw01,domain_name.txt",
        "pop2-mfw01,failover.txt",
        "pop2-mfw01,fqdn.txt",
        "pop2-mfw01,fw_stat.txt",
        "pop2-mfw01,interface_details.txt",
        "pop2-mfw01,interface_mac.txt",
        "pop2-mfw01,interface_summary.txt",
        "pop2-mfw01,ipv4.txt",
        "pop2-mfw01,ipv6.txt",
        "pop2-mfw01,lldp.txt",
        "pop2-mfw01,mac.txt",
        "pop2-mfw01,machine_name.txt",
        "pop2-mfw01,metadata.txt",
        "pop2-mfw01,ndp.txt",
        "pop2-mfw01,port_channel_members.txt",
        "pop2-mfw01,public_ip.txt",
        "pop2-mfw01,root_device_name.txt",
        "pop2-mfw01,root_machine_name.txt",
        "pop2-mfw01,snapshot_time.txt",
        "pop2-mfw01,stp.txt",
        "pop2-mfw01,uptime.txt",
        "pop2-mfw01,version.txt",
        "pop2-mfw01,vpn_tunnels.txt"
      ],
      "states" : [
        "ipv4",
        "ipv6",
        "mac",
        "stp",
        "arp",
        "ndp",
        "configuration",
        "interface_summary",
        "interface_details",
        "version",
        "lldp",
        "port_channel_members",
        "fw_stat",
        "machine_name",
        "snapshot_time",
        "failover",
        "metadata",
        "bgp_peers",
        "domain_name",
        "vpn_tunnels",
        "bgp_summary",
        "interface_mac",
        "fqdn",
        "uptime",
        "public_ip"
      ],
      "collectionIp" : "10.255.0.2",
      "createdBy" : "fortinet_ssh",
      "error" : "NONE",
      "customCommandError" : "NONE",
      "collectionInstantMillis" : 1764806450292,
      "clientPackageVersion" : "25.10.0-13"
    },
    {
      "name" : "pop3-mcs01",
      "requestedDeviceName" : "pop3-mcs01",
      "vendor" : "arista_eos",
      "deviceType" : "SWITCH",
      "files" : [
        "pop3-mcs01,arp.txt",
        "pop3-mcs01,configuration.txt",
        "pop3-mcs01,custom_cli.txt",
        "pop3-mcs01,interface_details.txt",
        "pop3-mcs01,interface_summary.txt",
        "pop3-mcs01,inventory.txt",
        "pop3-mcs01,ip_igmp_groups.txt",
        "pop3-mcs01,ip_igmp_interfaces.txt",
        "pop3-mcs01,ip_igmp_snoop_explicit_tracking.txt",
        "pop3-mcs01,ip_igmp_vrf_groups.txt",
        "pop3-mcs01,ip_igmp_vrf_ifaces.txt",
        "pop3-mcs01,ipv4.txt",
        "pop3-mcs01,ipv4_mcast_rp.txt",
        "pop3-mcs01,ipv6_mcast_rp.txt",
        "pop3-mcs01,lldp.txt",
        "pop3-mcs01,mac.txt",
        "pop3-mcs01,metadata.txt",
        "pop3-mcs01,ndp.txt",
        "pop3-mcs01,ospf_ifaces.txt",
        "pop3-mcs01,ospf_peers.txt",
        "pop3-mcs01,ospf_summary.txt",
        "pop3-mcs01,port_channel_members.txt",
        "pop3-mcs01,root_device_name.txt",
        "pop3-mcs01,snapshot_time.txt",
        "pop3-mcs01,stp.txt",
        "pop3-mcs01,switchport.txt",
        "pop3-mcs01,version.txt",
        "pop3-mcs01,vlan_status.txt",
        "pop3-mcs01,vrf_mcast_routing.txt"
      ],
      "states" : [
        "ipv4",
        "mac",
        "stp",
        "arp",
        "ndp",
        "configuration",
        "switchport",
        "interface_summary",
        "interface_details",
        "vlan_status",
        "version",
        "inventory",
        "vlan_conf",
        "lldp",
        "port_channel_members",
        "snapshot_time",
        "ipv4_routing",
        "ip_igmp_interfaces",
        "ip_igmp_groups",
        "ip_igmp_vrf_ifaces",
        "ip_igmp_vrf_groups",
        "vrf_mcast_routing",
        "igp_ipv4_routes",
        "bgp_ipv4_routes",
        "metadata",
        "ipv4_mcast_rp",
        "ipv6_mcast_rp",
        "ip_igmp_snoop_explicit_tracking",
        "ospf_summary",
        "ospf_peers",
        "ospf_ifaces"
      ],
      "collectionIp" : "10.254.0.3",
      "createdBy" : "arista_eos_ssh",
      "error" : "NONE",
      "customCommandError" : "NONE",
      "collectionInstantMillis" : 1764806439333,
      "clientPackageVersion" : "25.10.0-13"
    },
    {
      "name" : "pop3-mfw01",
      "requestedDeviceName" : "pop3-mfw01",
      "vendor" : "fortinet",
      "deviceType" : "FIREWALL",
      "files" : [
        "pop3-mfw01,snapshot_time.txt"
      ],
      "states" : [
        "snapshot_time"
      ],
      "collectionIp" : "10.255.0.12",
      "createdBy" : "fortinet_ssh",
      "error" : "CONNECTION_TIMEOUT",
      "errorDesc" : "Snapshot collection attempt failed for device pop3-mfw01:\n  Connection to 'pop3-mfw01' timed out in 30.00 sec",
      "customCommandError" : "NONE",
      "collectionInstantMillis" : 1764806537617,
      "clientPackageVersion" : "25.10.0-13"
    },
    {
      "name" : "pop4-mfw01",
      "requestedDeviceName" : "pop4-mfw01",
      "vendor" : "pan_os",
      "deviceType" : "FIREWALL",
      "files" : [
        "pop4-mfw01,acl_addresses.txt",
        "pop4-mfw01,acl_policy_addresses.txt",
        "pop4-mfw01,active_sessions.txt",
        "pop4-mfw01,arp.txt",
        "pop4-mfw01,bonding_interface_status.txt",
        "pop4-mfw01,config_pushed_shared_policy.txt",
        "pop4-mfw01,config_pushed_template.txt",
        "pop4-mfw01,configuration.txt",
        "pop4-mfw01,device_info.txt",
        "pop4-mfw01,dns_table.txt",
        "pop4-mfw01,failover.txt",
        "pop4-mfw01,firewall_statistics.txt",
        "pop4-mfw01,interface_details.txt",
        "pop4-mfw01,inventory.txt",
        "pop4-mfw01,ip.txt",
        "pop4-mfw01,ip_fib.txt",
        "pop4-mfw01,ipv4_interfaces.txt",
        "pop4-mfw01,lldp.txt",
        "pop4-mfw01,mac.txt",
        "pop4-mfw01,metadata.txt",
        "pop4-mfw01,multi_vsys.txt",
        "pop4-mfw01,nat_addresses.txt",
        "pop4-mfw01,nat_policy_addresses.txt",
        "pop4-mfw01,ndp.txt",
        "pop4-mfw01,ospf_ifaces.txt",
        "pop4-mfw01,ospf_peers.txt",
        "pop4-mfw01,ospf_summary.txt",
        "pop4-mfw01,registered_addresses.txt",
        "pop4-mfw01,root_ip.txt",
        "pop4-mfw01,snapshot_time.txt",
        "pop4-mfw01,system_settings.txt",
        "pop4-mfw01,user_group_mapping.txt",
        "pop4-mfw01,user_groups.txt",
        "pop4-mfw01,virtual_addresses.txt",
        "pop4-mfw01,virtual_contexts.txt",
        "pop4-mfw01,vlan_status.txt",
        "pop4-mfw01,vpn_tunnels.txt"
      ],
      "states" : [
        "ip",
        "mac",
        "arp",
        "ndp",
        "configuration",
        "interface_details",
        "vlan_status",
        "inventory",
        "lldp",
        "device_info",
        "bonding_interface_status",
        "ipv4_interfaces",
        "system_settings",
        "dns_table",
        "snapshot_time",
        "failover",
        "multi_vsys",
        "config_pushed_shared_policy",
        "virtual_contexts",
        "metadata",
        "root_ip",
        "acl_addresses",
        "nat_addresses",
        "ip_fib",
        "vpn_tunnels",
        "config_pushed_template",
        "registered_addresses",
        "virtual_addresses",
        "user_group_mapping",
        "user_groups",
        "acl_policy_addresses",
        "nat_policy_addresses",
        "ospf_summary",
        "ospf_peers",
        "ospf_ifaces",
        "firewall_statistics",
        "active_sessions"
      ],
      "collectionIp" : "10.255.0.11",
      "createdBy" : "panos_ssh",
      "error" : "NONE",
      "customCommandError" : "NONE",
      "collectionInstantMillis" : 1764806441721,
      "clientPackageVersion" : "25.10.0-13"
    },
    {
      "name" : "r1",
      "requestedDeviceName" : "r1",
      "physical_device_name" : "r1",
      "vendor" : "juniper_junos",
      "deviceType" : "ROUTER",
      "files" : [
        "r1,arp.txt",
        "r1,bgp_peers.txt",
        "r1,configuration.txt",
        "r1,custom_cli.txt",
        "r1,evpn_l3_context.txt",
        "r1,fib_switching.txt",
        "r1,interface_details.txt",
        "r1,interface_summary.txt",
        "r1,inventory.txt",
        "r1,ipv4_mcast.txt",
        "r1,ipv4_routing.txt",
        "r1,ipv6_mcast.txt",
        "r1,l2circuits.txt",
        "r1,lldp.txt",
        "r1,mac.txt",
        "r1,metadata.txt",
        "r1,mpls_rib.txt",
        "r1,ndp.txt",
        "r1,root_device_name.txt",
        "r1,rsvp_session_info.txt",
        "r1,snapshot_time.txt",
        "r1,ssh_rsa_key_length.txt",
        "r1,stp.txt",
        "r1,version.txt",
        "r1,virtual_contexts.txt",
        "r1,vlan_conf.txt",
        "r1,vrrp.txt"
      ],
      "states" : [
        "ipv4_mcast",
        "ipv6_mcast",
        "mac",
        "stp",
        "arp",
        "ndp",
        "configuration",
        "interface_summary",
        "interface_details",
        "version",
        "inventory",
        "vlan_conf",
        "lldp",
        "vrrp",
        "mpls_rib",
        "root_device_name",
        "snapshot_time",
        "ipv4_routing",
        "l2circuits",
        "virtual_contexts",
        "metadata",
        "bgp_peers",
        "rsvp_session_info",
        "fib_switching",
        "ssh_rsa_key_length",
        "evpn_l3_context"
      ],
      "collectionIp" : "192.168.33.10",
      "createdBy" : "juniper_junos_ssh",
      "error" : "NONE",
      "customCommandError" : "NONE",
      "collectionInstantMillis" : 1764806437170,
      "clientPackageVersion" : "25.10.0-13"
    },
    {
      "name" : "ubuntu-collector",
      "requestedDeviceName" : "ubuntu-collector",
      "vendor" : "linux_os",
      "deviceType" : "VSWITCH",
      "files" : [
        "ubuntu-collector,acl_conf.txt",
        "ubuntu-collector,acl_conf_ipv6.txt",
        "ubuntu-collector,arp.txt",
        "ubuntu-collector,bonding_interface_status.txt",
        "ubuntu-collector,config_ovpn.txt",
        "ubuntu-collector,hostname.txt",
        "ubuntu-collector,interface_details.txt",
        "ubuntu-collector,inventory.txt",
        "ubuntu-collector,ipv4.txt",
        "ubuntu-collector,ipv6.txt",
        "ubuntu-collector,linux_platform_type.txt",
        "ubuntu-collector,metadata.txt",
        "ubuntu-collector,nat_v4.txt",
        "ubuntu-collector,nat_v6.txt",
        "ubuntu-collector,ndp.txt",
        "ubuntu-collector,ovpn_dns.txt",
        "ubuntu-collector,ovpn_gateway.txt",
        "ubuntu-collector,ovpn_pushed_client_configs.txt",
        "ubuntu-collector,ovpn_status.txt",
        "ubuntu-collector,ovpn_tunnel.txt",
        "ubuntu-collector,snapshot_time.txt",
        "ubuntu-collector,version.txt"
      ],
      "states" : [
        "ipv4",
        "ipv6",
        "arp",
        "ndp",
        "interface_details",
        "version",
        "inventory",
        "acl_conf",
        "hostname",
        "acl_conf_ipv6",
        "bonding_interface_status",
        "nat_v4",
        "nat_v6",
        "snapshot_time",
        "metadata",
        "ovpn_pushed_client_configs",
        "config_ovpn",
        "ovpn_gateway",
        "ovpn_status",
        "ovpn_tunnel",
        "ovpn_dns",
        "linux_platform_type"
      ],
      "collectionIp" : "192.168.33.20",
      "createdBy" : "linux_os_ssh",
      "error" : "NONE",
      "customCommandError" : "NONE",
      "collectionInstantMillis" : 1764806416483,
      "clientPackageVersion" : "25.10.0-13"
    },
    {
      "name" : "ubuntu-jumphost",
      "requestedDeviceName" : "ubuntu-jumphost",
      "vendor" : "linux_os",
      "deviceType" : "VSWITCH",
      "files" : [
        "ubuntu-jumphost,acl_conf.txt",
        "ubuntu-jumphost,acl_conf_ipv6.txt",
        "ubuntu-jumphost,arp.txt",
        "ubuntu-jumphost,bonding_interface_status.txt",
        "ubuntu-jumphost,config_ovpn.txt",
        "ubuntu-jumphost,hostname.txt",
        "ubuntu-jumphost,interface_details.txt",
        "ubuntu-jumphost,inventory.txt",
        "ubuntu-jumphost,ipv4.txt",
        "ubuntu-jumphost,ipv6.txt",
        "ubuntu-jumphost,linux_platform_type.txt",
        "ubuntu-jumphost,metadata.txt",
        "ubuntu-jumphost,nat_v4.txt",
        "ubuntu-jumphost,nat_v6.txt",
        "ubuntu-jumphost,ndp.txt",
        "ubuntu-jumphost,ovpn_dns.txt",
        "ubuntu-jumphost,ovpn_gateway.txt",
        "ubuntu-jumphost,ovpn_pushed_client_configs.txt",
        "ubuntu-jumphost,ovpn_status.txt",
        "ubuntu-jumphost,ovpn_tunnel.txt",
        "ubuntu-jumphost,snapshot_time.txt",
        "ubuntu-jumphost,version.txt"
      ],
      "states" : [
        "ipv4",
        "ipv6",
        "arp",
        "ndp",
        "interface_details",
        "version",
        "inventory",
        "acl_conf",
        "hostname",
        "acl_conf_ipv6",
        "bonding_interface_status",
        "nat_v4",
        "nat_v6",
        "snapshot_time",
        "metadata",
        "ovpn_pushed_client_configs",
        "config_ovpn",
        "ovpn_gateway",
        "ovpn_status",
        "ovpn_tunnel",
        "ovpn_dns",
        "linux_platform_type"
      ],
      "collectionIp" : "192.168.33.2",
      "createdBy" : "linux_os_ssh",
      "error" : "NONE",
      "customCommandError" : "NONE",
      "collectionInstantMillis" : 1764806426262,
      "clientPackageVersion" : "25.10.0-13"
    },
    {
      "name" : "ubuntu-netbox",
      "requestedDeviceName" : "ubuntu-netbox",
      "vendor" : "linux_os",
      "deviceType" : "VSWITCH",
      "files" : [
        "ubuntu-netbox,acl_conf.txt",
        "ubuntu-netbox,acl_conf_ipv6.txt",
        "ubuntu-netbox,arp.txt",
        "ubuntu-netbox,bonding_interface_status.txt",
        "ubuntu-netbox,config_ovpn.txt",
        "ubuntu-netbox,hostname.txt",
        "ubuntu-netbox,interface_details.txt",
        "ubuntu-netbox,inventory.txt",
        "ubuntu-netbox,ipv4.txt",
        "ubuntu-netbox,ipv6.txt",
        "ubuntu-netbox,linux_platform_type.txt",
        "ubuntu-netbox,metadata.txt",
        "ubuntu-netbox,nat_v4.txt",
        "ubuntu-netbox,nat_v6.txt",
        "ubuntu-netbox,ndp.txt",
        "ubuntu-netbox,ovpn_dns.txt",
        "ubuntu-netbox,ovpn_gateway.txt",
        "ubuntu-netbox,ovpn_pushed_client_configs.txt",
        "ubuntu-netbox,ovpn_status.txt",
        "ubuntu-netbox,ovpn_tunnel.txt",
        "ubuntu-netbox,snapshot_time.txt",
        "ubuntu-netbox,version.txt"
      ],
      "states" : [
        "ipv4",
        "ipv6",
        "arp",
        "ndp",
        "interface_details",
        "version",
        "inventory",
        "acl_conf",
        "hostname",
        "acl_conf_ipv6",
        "bonding_interface_status",
        "nat_v4",
        "nat_v6",
        "snapshot_time",
        "metadata",
        "ovpn_pushed_client_configs",
        "config_ovpn",
        "ovpn_gateway",
        "ovpn_status",
        "ovpn_tunnel",
        "ovpn_dns",
        "linux_platform_type"
      ],
      "collectionIp" : "192.168.22.7",
      "collectionPort" : 22,
      "createdBy" : "linux_os_ssh",
      "error" : "NONE",
      "customCommandError" : "NONE",
      "collectionInstantMillis" : 1764806436358,
      "clientPackageVersion" : "25.10.0-13"
    }
  ],
  "dataFiles" : [
    {
      "id" : "f3a7aeb0-f3c3-4429-bfbf-467e0f6be7dd",
      "name" : "fn_licenseddevices",
      "fileName" : "fn_licenseddevices,data_file.csv"
    },
    {
      "id" : "a79bbedc-e3d5-43bc-b71c-929043b4af2b",
      "name" : "fn-stig-policy.csv",
      "fileName" : "fn-stig-policy.csv,data_file.csv"
    }
  ]
}