{
  "sources" : [
    {
      "name" : "ATM-128_TPY-S6E3924AR-R1",
      "requestedDeviceName" : "ATM-128_TPY-S6E3924AR-R1",
      "physical_device_name" : "ATM-128_TPY-S6E3924AR-R1",
      "vendor" : "huawei_switch",
      "deviceType" : "SWITCH",
      "files" : [
        "ATM-128_TPY-S6E3924AR-R1,arp.txt",
        "ATM-128_TPY-S6E3924AR-R1,bgp_evpn.txt",
        "ATM-128_TPY-S6E3924AR-R1,bgp_peers.txt",
        "ATM-128_TPY-S6E3924AR-R1,configuration.txt",
        "ATM-128_TPY-S6E3924AR-R1,interface_details.txt",
        "ATM-128_TPY-S6E3924AR-R1,interface_mac.txt",
        "ATM-128_TPY-S6E3924AR-R1,interface_summary.txt",
        "ATM-128_TPY-S6E3924AR-R1,inventory.txt",
        "ATM-128_TPY-S6E3924AR-R1,ip.txt",
        "ATM-128_TPY-S6E3924AR-R1,ipv4.txt",
        "ATM-128_TPY-S6E3924AR-R1,ipv6.txt",
        "ATM-128_TPY-S6E3924AR-R1,lldp.txt",
        "ATM-128_TPY-S6E3924AR-R1,mac.txt",
        "ATM-128_TPY-S6E3924AR-R1,metadata.txt",
        "ATM-128_TPY-S6E3924AR-R1,mlag.txt",
        "ATM-128_TPY-S6E3924AR-R1,mlag_info.txt",
        "ATM-128_TPY-S6E3924AR-R1,mpls.txt",
        "ATM-128_TPY-S6E3924AR-R1,mpls_lsp.txt",
        "ATM-128_TPY-S6E3924AR-R1,ndp.txt",
        "ATM-128_TPY-S6E3924AR-R1,ospf_db.txt",
        "ATM-128_TPY-S6E3924AR-R1,ospf_peers.txt",
        "ATM-128_TPY-S6E3924AR-R1,ospf_summary.txt",
        "ATM-128_TPY-S6E3924AR-R1,port_vlan_details.txt",
        "ATM-128_TPY-S6E3924AR-R1,snapshot_time.txt",
        "ATM-128_TPY-S6E3924AR-R1,stp.txt",
        "ATM-128_TPY-S6E3924AR-R1,version.txt",
        "ATM-128_TPY-S6E3924AR-R1,vlan_conf.txt",
        "ATM-128_TPY-S6E3924AR-R1,vlan_status.txt",
        "ATM-128_TPY-S6E3924AR-R1,vpls.txt",
        "ATM-128_TPY-S6E3924AR-R1,vpls_forwarding.txt",
        "ATM-128_TPY-S6E3924AR-R1,vrrp.txt",
        "ATM-128_TPY-S6E3924AR-R1,vrrp_ipv6.txt",
        "ATM-128_TPY-S6E3924AR-R1,vxlan.txt",
        "ATM-128_TPY-S6E3924AR-R1,vxlan_peers.txt"
      ],
      "states" : [
        "ipv4",
        "ipv6",
        "ip",
        "mpls",
        "mac",
        "stp",
        "arp",
        "ndp",
        "configuration",
        "interface_summary",
        "interface_details",
        "vxlan",
        "vpls",
        "vlan_status",
        "version",
        "inventory",
        "vlan_conf",
        "lldp",
        "vrrp",
        "mlag",
        "mlag_info",
        "snapshot_time",
        "metadata",
        "vrrp_ipv6",
        "bgp_peers",
        "interface_mac",
        "vpls_forwarding",
        "bgp_evpn",
        "vxlan_peers",
        "mpls_lsp",
        "ospf_summary",
        "ospf_peers",
        "port_vlan_details",
        "ospf_db"
      ],
      "collectionIp" : "10.41.64.38",
      "createdBy" : "huawei_switch_ssh",
      "error" : "NONE",
      "customCommandError" : "NONE",
      "collectionInstantMillis" : 1749718568639,
      "clientPackageVersion" : "2.0.1817"
    },
    {
      "name" : "ATM-AMK_CTR-ELB-R1",
      "requestedDeviceName" : "ATM-AMK_CTR-ELB-R1",
      "physical_device_name" : "ATM-AMK_CTR-ELB-R1",
      "vendor" : "huawei_switch",
      "deviceType" : "SWITCH",
      "files" : [
        "ATM-AMK_CTR-ELB-R1,arp.txt",
        "ATM-AMK_CTR-ELB-R1,bgp_evpn.txt",
        "ATM-AMK_CTR-ELB-R1,bgp_peers.txt",
        "ATM-AMK_CTR-ELB-R1,configuration.txt",
        "ATM-AMK_CTR-ELB-R1,interface_details.txt",
        "ATM-AMK_CTR-ELB-R1,interface_mac.txt",
        "ATM-AMK_CTR-ELB-R1,interface_summary.txt",
        "ATM-AMK_CTR-ELB-R1,inventory.txt",
        "ATM-AMK_CTR-ELB-R1,ip.txt",
        "ATM-AMK_CTR-ELB-R1,ipv4.txt",
        "ATM-AMK_CTR-ELB-R1,ipv6.txt",
        "ATM-AMK_CTR-ELB-R1,lldp.txt",
        "ATM-AMK_CTR-ELB-R1,mac.txt",
        "ATM-AMK_CTR-ELB-R1,metadata.txt",
        "ATM-AMK_CTR-ELB-R1,mlag.txt",
        "ATM-AMK_CTR-ELB-R1,mlag_info.txt",
        "ATM-AMK_CTR-ELB-R1,mpls.txt",
        "ATM-AMK_CTR-ELB-R1,mpls_lsp.txt",
        "ATM-AMK_CTR-ELB-R1,ndp.txt",
        "ATM-AMK_CTR-ELB-R1,ospf_db.txt",
        "ATM-AMK_CTR-ELB-R1,ospf_peers.txt",
        "ATM-AMK_CTR-ELB-R1,ospf_summary.txt",
        "ATM-AMK_CTR-ELB-R1,port_vlan_details.txt",
        "ATM-AMK_CTR-ELB-R1,snapshot_time.txt",
        "ATM-AMK_CTR-ELB-R1,stp.txt",
        "ATM-AMK_CTR-ELB-R1,version.txt",
        "ATM-AMK_CTR-ELB-R1,vlan_conf.txt",
        "ATM-AMK_CTR-ELB-R1,vlan_status.txt",
        "ATM-AMK_CTR-ELB-R1,vpls.txt",
        "ATM-AMK_CTR-ELB-R1,vpls_forwarding.txt",
        "ATM-AMK_CTR-ELB-R1,vrrp.txt",
        "ATM-AMK_CTR-ELB-R1,vrrp_ipv6.txt",
        "ATM-AMK_CTR-ELB-R1,vxlan.txt",
        "ATM-AMK_CTR-ELB-R1,vxlan_peers.txt"
      ],
      "states" : [
        "ipv4",
        "ipv6",
        "ip",
        "mpls",
        "mac",
        "stp",
        "arp",
        "ndp",
        "configuration",
        "interface_summary",
        "interface_details",
        "vxlan",
        "vpls",
        "vlan_status",
        "version",
        "inventory",
        "vlan_conf",
        "lldp",
        "vrrp",
        "mlag",
        "mlag_info",
        "snapshot_time",
        "metadata",
        "vrrp_ipv6",
        "bgp_peers",
        "interface_mac",
        "vpls_forwarding",
        "bgp_evpn",
        "vxlan_peers",
        "mpls_lsp",
        "ospf_summary",
        "ospf_peers",
        "port_vlan_details",
        "ospf_db"
      ],
      "collectionIp" : "10.41.48.173",
      "createdBy" : "huawei_switch_ssh",
      "error" : "NONE",
      "customCommandError" : "NONE",
      "collectionInstantMillis" : 1749718561601,
      "clientPackageVersion" : "2.0.1817"
    },
    {
      "name" : "SGBLD-OCC_28-USR-ES01",
      "requestedDeviceName" : "SGBLD-OCC_28-USR-ES01",
      "physical_device_name" : "SGBLD-OCC_28-USR-ES01",
      "vendor" : "huawei_switch",
      "deviceType" : "SWITCH",
      "files" : [
        "SGBLD-OCC_28-USR-ES01,arp.txt",
        "SGBLD-OCC_28-USR-ES01,bgp_evpn.txt",
        "SGBLD-OCC_28-USR-ES01,bgp_peers.txt",
        "SGBLD-OCC_28-USR-ES01,configuration.txt",
        "SGBLD-OCC_28-USR-ES01,interface_details.txt",
        "SGBLD-OCC_28-USR-ES01,interface_mac.txt",
        "SGBLD-OCC_28-USR-ES01,interface_summary.txt",
        "SGBLD-OCC_28-USR-ES01,inventory.txt",
        "SGBLD-OCC_28-USR-ES01,ip.txt",
        "SGBLD-OCC_28-USR-ES01,ipv4.txt",
        "SGBLD-OCC_28-USR-ES01,ipv6.txt",
        "SGBLD-OCC_28-USR-ES01,lldp.txt",
        "SGBLD-OCC_28-USR-ES01,mac.txt",
        "SGBLD-OCC_28-USR-ES01,mlag.txt",
        "SGBLD-OCC_28-USR-ES01,mlag_info.txt",
        "SGBLD-OCC_28-USR-ES01,mpls.txt",
        "SGBLD-OCC_28-USR-ES01,mpls_lsp.txt",
        "SGBLD-OCC_28-USR-ES01,ndp.txt",
        "SGBLD-OCC_28-USR-ES01,ospf_db.txt",
        "SGBLD-OCC_28-USR-ES01,ospf_peers.txt",
        "SGBLD-OCC_28-USR-ES01,ospf_summary.txt",
        "SGBLD-OCC_28-USR-ES01,port_vlan_details.txt",
        "SGBLD-OCC_28-USR-ES01,snapshot_time.txt",
        "SGBLD-OCC_28-USR-ES01,stp.txt",
        "SGBLD-OCC_28-USR-ES01,version.txt",
        "SGBLD-OCC_28-USR-ES01,vlan_conf.txt",
        "SGBLD-OCC_28-USR-ES01,vlan_status.txt",
        "SGBLD-OCC_28-USR-ES01,vpls.txt",
        "SGBLD-OCC_28-USR-ES01,vpls_forwarding.txt",
        "SGBLD-OCC_28-USR-ES01,vrrp.txt",
        "SGBLD-OCC_28-USR-ES01,vrrp_ipv6.txt",
        "SGBLD-OCC_28-USR-ES01,vxlan.txt",
        "SGBLD-OCC_28-USR-ES01,vxlan_peers.txt"
      ],
      "states" : [
        "ipv4",
        "ipv6",
        "ip",
        "mpls",
        "mac",
        "stp",
        "arp",
        "ndp",
        "configuration",
        "interface_summary",
        "interface_details",
        "vxlan",
        "vpls",
        "vlan_status",
        "version",
        "inventory",
        "vlan_conf",
        "lldp",
        "vrrp",
        "mlag",
        "mlag_info",
        "snapshot_time",
        "vrrp_ipv6",
        "bgp_peers",
        "interface_mac",
        "vpls_forwarding",
        "bgp_evpn",
        "vxlan_peers",
        "mpls_lsp",
        "ospf_summary",
        "ospf_peers",
        "port_vlan_details",
        "ospf_db"
      ],
      "collectionIp" : "10.20.28.5",
      "createdBy" : "huawei_switch_ssh",
      "error" : "NONE",
      "customCommandError" : "NONE",
      "collectionInstantMillis" : 1749718604532,
      "clientPackageVersion" : "2.0.1817"
    },
    {
      "name" : "SGBLD-OCC_31-USR-ES01",
      "requestedDeviceName" : "SGBLD-OCC_31-USR-ES01",
      "physical_device_name" : "SGBLD-OCC_31-USR-ES01",
      "vendor" : "huawei_switch",
      "deviceType" : "SWITCH",
      "files" : [
        "SGBLD-OCC_31-USR-ES01,arp.txt",
        "SGBLD-OCC_31-USR-ES01,bgp_evpn.txt",
        "SGBLD-OCC_31-USR-ES01,bgp_peers.txt",
        "SGBLD-OCC_31-USR-ES01,configuration.txt",
        "SGBLD-OCC_31-USR-ES01,interface_details.txt",
        "SGBLD-OCC_31-USR-ES01,interface_mac.txt",
        "SGBLD-OCC_31-USR-ES01,interface_summary.txt",
        "SGBLD-OCC_31-USR-ES01,inventory.txt",
        "SGBLD-OCC_31-USR-ES01,ip.txt",
        "SGBLD-OCC_31-USR-ES01,ipv4.txt",
        "SGBLD-OCC_31-USR-ES01,ipv6.txt",
        "SGBLD-OCC_31-USR-ES01,lldp.txt",
        "SGBLD-OCC_31-USR-ES01,mac.txt",
        "SGBLD-OCC_31-USR-ES01,mlag.txt",
        "SGBLD-OCC_31-USR-ES01,mlag_info.txt",
        "SGBLD-OCC_31-USR-ES01,mpls.txt",
        "SGBLD-OCC_31-USR-ES01,mpls_lsp.txt",
        "SGBLD-OCC_31-USR-ES01,ndp.txt",
        "SGBLD-OCC_31-USR-ES01,ospf_db.txt",
        "SGBLD-OCC_31-USR-ES01,ospf_peers.txt",
        "SGBLD-OCC_31-USR-ES01,ospf_summary.txt",
        "SGBLD-OCC_31-USR-ES01,port_vlan_details.txt",
        "SGBLD-OCC_31-USR-ES01,snapshot_time.txt",
        "SGBLD-OCC_31-USR-ES01,stp.txt",
        "SGBLD-OCC_31-USR-ES01,version.txt",
        "SGBLD-OCC_31-USR-ES01,vlan_conf.txt",
        "SGBLD-OCC_31-USR-ES01,vlan_status.txt",
        "SGBLD-OCC_31-USR-ES01,vpls.txt",
        "SGBLD-OCC_31-USR-ES01,vpls_forwarding.txt",
        "SGBLD-OCC_31-USR-ES01,vrrp.txt",
        "SGBLD-OCC_31-USR-ES01,vrrp_ipv6.txt",
        "SGBLD-OCC_31-USR-ES01,vxlan.txt",
        "SGBLD-OCC_31-USR-ES01,vxlan_peers.txt"
      ],
      "states" : [
        "ipv4",
        "ipv6",
        "ip",
        "mpls",
        "mac",
        "stp",
        "arp",
        "ndp",
        "configuration",
        "interface_summary",
        "interface_details",
        "vxlan",
        "vpls",
        "vlan_status",
        "version",
        "inventory",
        "vlan_conf",
        "lldp",
        "vrrp",
        "mlag",
        "mlag_info",
        "snapshot_time",
        "vrrp_ipv6",
        "bgp_peers",
        "interface_mac",
        "vpls_forwarding",
        "bgp_evpn",
        "vxlan_peers",
        "mpls_lsp",
        "ospf_summary",
        "ospf_peers",
        "port_vlan_details",
        "ospf_db"
      ],
      "collectionIp" : "10.20.31.5",
      "createdBy" : "huawei_switch_ssh",
      "error" : "NONE",
      "customCommandError" : "NONE",
      "collectionInstantMillis" : 1749718608646,
      "clientPackageVersion" : "2.0.1817"
    },
    {
      "name" : "SGBLD-PWP_15-USR-ES03",
      "requestedDeviceName" : "SGBLD-PWP_15-USR-ES03",
      "physical_device_name" : "SGBLD-PWP_15-USR-ES03",
      "vendor" : "huawei_switch",
      "deviceType" : "SWITCH",
      "files" : [
        "SGBLD-PWP_15-USR-ES03,arp.txt",
        "SGBLD-PWP_15-USR-ES03,bgp_evpn.txt",
        "SGBLD-PWP_15-USR-ES03,bgp_peers.txt",
        "SGBLD-PWP_15-USR-ES03,configuration.txt",
        "SGBLD-PWP_15-USR-ES03,interface_details.txt",
        "SGBLD-PWP_15-USR-ES03,interface_mac.txt",
        "SGBLD-PWP_15-USR-ES03,interface_summary.txt",
        "SGBLD-PWP_15-USR-ES03,inventory.txt",
        "SGBLD-PWP_15-USR-ES03,ip.txt",
        "SGBLD-PWP_15-USR-ES03,ipv4.txt",
        "SGBLD-PWP_15-USR-ES03,ipv6.txt",
        "SGBLD-PWP_15-USR-ES03,lldp.txt",
        "SGBLD-PWP_15-USR-ES03,mac.txt",
        "SGBLD-PWP_15-USR-ES03,mlag.txt",
        "SGBLD-PWP_15-USR-ES03,mlag_info.txt",
        "SGBLD-PWP_15-USR-ES03,mpls.txt",
        "SGBLD-PWP_15-USR-ES03,mpls_lsp.txt",
        "SGBLD-PWP_15-USR-ES03,ndp.txt",
        "SGBLD-PWP_15-USR-ES03,ospf_db.txt",
        "SGBLD-PWP_15-USR-ES03,ospf_peers.txt",
        "SGBLD-PWP_15-USR-ES03,ospf_summary.txt",
        "SGBLD-PWP_15-USR-ES03,port_vlan_details.txt",
        "SGBLD-PWP_15-USR-ES03,snapshot_time.txt",
        "SGBLD-PWP_15-USR-ES03,stp.txt",
        "SGBLD-PWP_15-USR-ES03,version.txt",
        "SGBLD-PWP_15-USR-ES03,vlan_conf.txt",
        "SGBLD-PWP_15-USR-ES03,vlan_status.txt",
        "SGBLD-PWP_15-USR-ES03,vpls.txt",
        "SGBLD-PWP_15-USR-ES03,vpls_forwarding.txt",
        "SGBLD-PWP_15-USR-ES03,vrrp.txt",
        "SGBLD-PWP_15-USR-ES03,vrrp_ipv6.txt",
        "SGBLD-PWP_15-USR-ES03,vxlan.txt",
        "SGBLD-PWP_15-USR-ES03,vxlan_peers.txt"
      ],
      "states" : [
        "ipv4",
        "ipv6",
        "ip",
        "mpls",
        "mac",
        "stp",
        "arp",
        "ndp",
        "configuration",
        "interface_summary",
        "interface_details",
        "vxlan",
        "vpls",
        "vlan_status",
        "version",
        "inventory",
        "vlan_conf",
        "lldp",
        "vrrp",
        "mlag",
        "mlag_info",
        "snapshot_time",
        "vrrp_ipv6",
        "bgp_peers",
        "interface_mac",
        "vpls_forwarding",
        "bgp_evpn",
        "vxlan_peers",
        "mpls_lsp",
        "ospf_summary",
        "ospf_peers",
        "port_vlan_details",
        "ospf_db"
      ],
      "collectionIp" : "10.68.37.5",
      "createdBy" : "huawei_switch_ssh",
      "error" : "NONE",
      "customCommandError" : "NONE",
      "collectionInstantMillis" : 1749718580457,
      "clientPackageVersion" : "2.0.1817"
    },
    {
      "name" : "SGBLD-TC1_01-IOT-ES01",
      "requestedDeviceName" : "SGBLD-TC1_01-IOT-ES01",
      "physical_device_name" : "SGBLD-TC1_01-IOT-ES01",
      "vendor" : "huawei_switch",
      "deviceType" : "SWITCH",
      "files" : [
        "SGBLD-TC1_01-IOT-ES01,arp.txt",
        "SGBLD-TC1_01-IOT-ES01,bgp_evpn.txt",
        "SGBLD-TC1_01-IOT-ES01,bgp_peers.txt",
        "SGBLD-TC1_01-IOT-ES01,configuration.txt",
        "SGBLD-TC1_01-IOT-ES01,interface_details.txt",
        "SGBLD-TC1_01-IOT-ES01,interface_mac.txt",
        "SGBLD-TC1_01-IOT-ES01,interface_summary.txt",
        "SGBLD-TC1_01-IOT-ES01,inventory.txt",
        "SGBLD-TC1_01-IOT-ES01,ip.txt",
        "SGBLD-TC1_01-IOT-ES01,ipv4.txt",
        "SGBLD-TC1_01-IOT-ES01,ipv6.txt",
        "SGBLD-TC1_01-IOT-ES01,lldp.txt",
        "SGBLD-TC1_01-IOT-ES01,mac.txt",
        "SGBLD-TC1_01-IOT-ES01,mlag.txt",
        "SGBLD-TC1_01-IOT-ES01,mlag_info.txt",
        "SGBLD-TC1_01-IOT-ES01,mpls.txt",
        "SGBLD-TC1_01-IOT-ES01,mpls_lsp.txt",
        "SGBLD-TC1_01-IOT-ES01,ndp.txt",
        "SGBLD-TC1_01-IOT-ES01,ospf_db.txt",
        "SGBLD-TC1_01-IOT-ES01,ospf_peers.txt",
        "SGBLD-TC1_01-IOT-ES01,ospf_summary.txt",
        "SGBLD-TC1_01-IOT-ES01,port_vlan_details.txt",
        "SGBLD-TC1_01-IOT-ES01,snapshot_time.txt",
        "SGBLD-TC1_01-IOT-ES01,stp.txt",
        "SGBLD-TC1_01-IOT-ES01,version.txt",
        "SGBLD-TC1_01-IOT-ES01,vlan_conf.txt",
        "SGBLD-TC1_01-IOT-ES01,vlan_status.txt",
        "SGBLD-TC1_01-IOT-ES01,vpls.txt",
        "SGBLD-TC1_01-IOT-ES01,vpls_forwarding.txt",
        "SGBLD-TC1_01-IOT-ES01,vrrp.txt",
        "SGBLD-TC1_01-IOT-ES01,vrrp_ipv6.txt",
        "SGBLD-TC1_01-IOT-ES01,vxlan.txt",
        "SGBLD-TC1_01-IOT-ES01,vxlan_peers.txt"
      ],
      "states" : [
        "ipv4",
        "ipv6",
        "ip",
        "mpls",
        "mac",
        "stp",
        "arp",
        "ndp",
        "configuration",
        "interface_summary",
        "interface_details",
        "vxlan",
        "vpls",
        "vlan_status",
        "version",
        "inventory",
        "vlan_conf",
        "lldp",
        "vrrp",
        "mlag",
        "mlag_info",
        "snapshot_time",
        "vrrp_ipv6",
        "bgp_peers",
        "interface_mac",
        "vpls_forwarding",
        "bgp_evpn",
        "vxlan_peers",
        "mpls_lsp",
        "ospf_summary",
        "ospf_peers",
        "port_vlan_details",
        "ospf_db"
      ],
      "collectionIp" : "10.100.252.118",
      "createdBy" : "huawei_switch_ssh",
      "error" : "NONE",
      "customCommandError" : "NONE",
      "collectionInstantMillis" : 1749718544295,
      "clientPackageVersion" : "2.0.1817"
    },
    {
      "name" : "SGBR-AMK_CTR-USR-ES01",
      "requestedDeviceName" : "SGBR-AMK_CTR-USR-ES01",
      "physical_device_name" : "SGBR-AMK_CTR-USR-ES01",
      "vendor" : "huawei_switch",
      "deviceType" : "SWITCH",
      "files" : [
        "SGBR-AMK_CTR-USR-ES01,arp.txt",
        "SGBR-AMK_CTR-USR-ES01,bgp_evpn.txt",
        "SGBR-AMK_CTR-USR-ES01,bgp_peers.txt",
        "SGBR-AMK_CTR-USR-ES01,configuration.txt",
        "SGBR-AMK_CTR-USR-ES01,interface_details.txt",
        "SGBR-AMK_CTR-USR-ES01,interface_mac.txt",
        "SGBR-AMK_CTR-USR-ES01,interface_summary.txt",
        "SGBR-AMK_CTR-USR-ES01,inventory.txt",
        "SGBR-AMK_CTR-USR-ES01,ip.txt",
        "SGBR-AMK_CTR-USR-ES01,ipv4.txt",
        "SGBR-AMK_CTR-USR-ES01,ipv6.txt",
        "SGBR-AMK_CTR-USR-ES01,lldp.txt",
        "SGBR-AMK_CTR-USR-ES01,mac.txt",
        "SGBR-AMK_CTR-USR-ES01,mlag.txt",
        "SGBR-AMK_CTR-USR-ES01,mlag_info.txt",
        "SGBR-AMK_CTR-USR-ES01,mpls.txt",
        "SGBR-AMK_CTR-USR-ES01,mpls_lsp.txt",
        "SGBR-AMK_CTR-USR-ES01,ndp.txt",
        "SGBR-AMK_CTR-USR-ES01,ospf_db.txt",
        "SGBR-AMK_CTR-USR-ES01,ospf_peers.txt",
        "SGBR-AMK_CTR-USR-ES01,ospf_summary.txt",
        "SGBR-AMK_CTR-USR-ES01,port_vlan_details.txt",
        "SGBR-AMK_CTR-USR-ES01,snapshot_time.txt",
        "SGBR-AMK_CTR-USR-ES01,stp.txt",
        "SGBR-AMK_CTR-USR-ES01,version.txt",
        "SGBR-AMK_CTR-USR-ES01,vlan_conf.txt",
        "SGBR-AMK_CTR-USR-ES01,vlan_status.txt",
        "SGBR-AMK_CTR-USR-ES01,vpls.txt",
        "SGBR-AMK_CTR-USR-ES01,vpls_forwarding.txt",
        "SGBR-AMK_CTR-USR-ES01,vrrp.txt",
        "SGBR-AMK_CTR-USR-ES01,vrrp_ipv6.txt",
        "SGBR-AMK_CTR-USR-ES01,vxlan.txt",
        "SGBR-AMK_CTR-USR-ES01,vxlan_peers.txt"
      ],
      "states" : [
        "ipv4",
        "ipv6",
        "ip",
        "mpls",
        "mac",
        "stp",
        "arp",
        "ndp",
        "configuration",
        "interface_summary",
        "interface_details",
        "vxlan",
        "vpls",
        "vlan_status",
        "version",
        "inventory",
        "vlan_conf",
        "lldp",
        "vrrp",
        "mlag",
        "mlag_info",
        "snapshot_time",
        "vrrp_ipv6",
        "bgp_peers",
        "interface_mac",
        "vpls_forwarding",
        "bgp_evpn",
        "vxlan_peers",
        "mpls_lsp",
        "ospf_summary",
        "ospf_peers",
        "port_vlan_details",
        "ospf_db"
      ],
      "collectionIp" : "161.229.73.11",
      "createdBy" : "huawei_switch_ssh",
      "error" : "NONE",
      "customCommandError" : "NONE",
      "collectionInstantMillis" : 1749718566959,
      "clientPackageVersion" : "2.0.1817"
    },
    {
      "name" : "SGBR-JEM-USR-ES01",
      "requestedDeviceName" : "SGBR-JEM-USR-ES01",
      "physical_device_name" : "SGBR-JEM-USR-ES01",
      "vendor" : "huawei_switch",
      "deviceType" : "SWITCH",
      "files" : [
        "SGBR-JEM-USR-ES01,arp.txt",
        "SGBR-JEM-USR-ES01,bgp_evpn.txt",
        "SGBR-JEM-USR-ES01,bgp_peers.txt",
        "SGBR-JEM-USR-ES01,configuration.txt",
        "SGBR-JEM-USR-ES01,interface_details.txt",
        "SGBR-JEM-USR-ES01,interface_mac.txt",
        "SGBR-JEM-USR-ES01,interface_summary.txt",
        "SGBR-JEM-USR-ES01,inventory.txt",
        "SGBR-JEM-USR-ES01,ip.txt",
        "SGBR-JEM-USR-ES01,ipv4.txt",
        "SGBR-JEM-USR-ES01,ipv6.txt",
        "SGBR-JEM-USR-ES01,lldp.txt",
        "SGBR-JEM-USR-ES01,mac.txt",
        "SGBR-JEM-USR-ES01,mlag.txt",
        "SGBR-JEM-USR-ES01,mlag_info.txt",
        "SGBR-JEM-USR-ES01,mpls.txt",
        "SGBR-JEM-USR-ES01,mpls_lsp.txt",
        "SGBR-JEM-USR-ES01,ndp.txt",
        "SGBR-JEM-USR-ES01,ospf_db.txt",
        "SGBR-JEM-USR-ES01,ospf_peers.txt",
        "SGBR-JEM-USR-ES01,ospf_summary.txt",
        "SGBR-JEM-USR-ES01,port_vlan_details.txt",
        "SGBR-JEM-USR-ES01,snapshot_time.txt",
        "SGBR-JEM-USR-ES01,stp.txt",
        "SGBR-JEM-USR-ES01,version.txt",
        "SGBR-JEM-USR-ES01,vlan_conf.txt",
        "SGBR-JEM-USR-ES01,vlan_status.txt",
        "SGBR-JEM-USR-ES01,vpls.txt",
        "SGBR-JEM-USR-ES01,vpls_forwarding.txt",
        "SGBR-JEM-USR-ES01,vrrp.txt",
        "SGBR-JEM-USR-ES01,vrrp_ipv6.txt",
        "SGBR-JEM-USR-ES01,vxlan.txt",
        "SGBR-JEM-USR-ES01,vxlan_peers.txt"
      ],
      "states" : [
        "ipv4",
        "ipv6",
        "ip",
        "mpls",
        "mac",
        "stp",
        "arp",
        "ndp",
        "configuration",
        "interface_summary",
        "interface_details",
        "vxlan",
        "vpls",
        "vlan_status",
        "version",
        "inventory",
        "vlan_conf",
        "lldp",
        "vrrp",
        "mlag",
        "mlag_info",
        "snapshot_time",
        "vrrp_ipv6",
        "bgp_peers",
        "interface_mac",
        "vpls_forwarding",
        "bgp_evpn",
        "vxlan_peers",
        "mpls_lsp",
        "ospf_summary",
        "ospf_peers",
        "port_vlan_details",
        "ospf_db"
      ],
      "collectionIp" : "161.229.72.11",
      "createdBy" : "huawei_switch_ssh",
      "error" : "NONE",
      "customCommandError" : "NONE",
      "collectionInstantMillis" : 1749718568503,
      "clientPackageVersion" : "2.0.1817"
    }
  ]
}